-0.0097807,0.034797,0.015638,0.083958,-0.012354,0.050791,0.090416,-0.00012663,-0.016824,0.0035683,0.011428,-0.0034106,-0.076309,0.035198,0.048685,-0.04728,0.012588,-0.0081148,0.019756,0.07547,0.0039546,-0.10371,-0.071103,0.053539,0.062704,0.07316,0.027289,-0.056077,0.05642,-0.069381,-0.0040093,-0.11527,-0.024419,-0.054905,0.012459,-0.08193,-0.014354,-0.022055,-0.038261,-0.055224,-0.12412,0.084213,0.024984,-0.068043,-0.031651,0.0084857,0.097887,0.029251,-0.033122,0.041995,-0.076072,0.019329,-0.0016352,-0.0016753,-0.089847,-0.0018679,0.011135,-0.035291,0.029401,0.0077369,0.014855,-0.078838,-0.010831,-0.072169,0.041901,0.010778,0.050114,0.0070693,0.035173,0.048694,0.016434,0.023306,0.014003,-0.061929,-0.016629,0.020019,0.037781,0.063467,-0.16705,0.0050079,-0.031125,-0.031482,0.015686,-0.10186,0.0074445,-0.059122,0.054146,0.074171,-0.041436,0.0039074,-0.02506,-0.048485,0.010026,0.039644,0.032637,0.029352,0.060245,0.0095269,0.00082785,0.01023
0.042508,-0.0069886,-0.097006,-0.082073,-0.057519,0.045323,-0.053161,-0.032592,0.00027801,-0.031434,-0.0066264,-0.072381,0.077217,-0.043746,0.065038,-0.025155,-0.0024738,0.047509,0.019013,0.1203,0.031976,-0.097015,0.072667,-0.064141,0.022235,0.074749,-0.041659,0.020912,-0.066678,-0.042832,-0.08112,0.0014568,0.00018475,-0.060698,0.040602,0.019649,0.041596,0.048664,0.004942,0.0070025,-0.032357,0.088748,0.0051567,-0.026674,0.0073507,0.037475,-0.053145,0.0093674,0.11594,0.12304,-0.0074392,0.022034,0.089607,0.018757,0.026613,0.067306,0.052964,0.06498,-0.061592,0.063372,0.0323,0.011552,-0.019985,0.029474,0.060132,0.035559,-0.0090429,-0.1878,0.043532,-0.0069523,0.060055,0.017357,0.011789,0.01653,-0.10552,-0.044626,0.056924,0.067025,-0.02602,0.0010909,0.075309,0.1907,-0.10755,0.045578,-0.11123,-0.078291,-0.014916,0.10075,0.065475,0.023342,-0.0065016,-0.0093284,-0.012576,-0.056943,-0.078974,-0.0069709,0.018768,0.0025366,-0.052437,0.014214
-0.013421,0.017234,0.020061,0.1373,0.054499,-0.044573,-0.0046388,0.048816,-0.029078,-0.094574,-0.064081,-0.043976,-0.0036548,0.033378,-0.032236,-0.012187,0.021164,-0.058784,-0.020139,-0.024685,-0.031636,0.05071,-0.080494,-0.064116,-0.069325,0.02148,-0.12408,0.032455,-0.13141,0.022958,-0.022801,0.014858,0.088605,-0.018276,-0.021033,0.054293,0.019134,-0.090362,0.013159,0.016721,0.030579,0.050835,0.02471,-0.092342,-0.065289,0.034708,-0.07919,0.13312,0.091901,-0.066631,0.03633,0.034468,0.087853,0.0025394,-0.013946,0.10133,-0.030636,-0.072403,0.036966,0.062861,0.025372,0.0052181,-0.044145,-0.0013475,-0.010691,-0.023347,0.075264,-0.049657,-0.072141,-0.020886,0.1289,-0.056009,-0.010904,-0.018836,0.031328,0.017008,0.020159,-0.069205,0.030965,-0.16419,0.067321,0.030859,0.055699,-0.053446,-0.14638,-0.02766,-0.032651,-0.029061,-0.009945,-0.0024951,0.07328,0.0071278,0.047535,0.063568,0.11353,0.028015,-0.055815,-0.066344,0.020356,0.045909
-0.009934,0.052882,-0.057731,0.098249,0.031957,-0.035572,-0.091555,-0.039035,-0.074232,0.11401,0.071502,0.021549,0.024286,-0.045838,0.058072,-0.017244,0.057974,-0.041761,-0.00071902,-0.054783,-0.11092,-0.0090485,-0.02033,-0.057555,-0.048439,0.11104,0.061886,-0.006699,0.0071155,-0.085753,0.0907,0.057948,0.10387,-0.10014,0.0072484,-0.021554,-0.004973,-0.019928,0.097207,-0.020745,0.041488,-0.10533,-0.041945,0.0041615,-0.053572,-0.041934,-0.023105,-0.01061,-0.011922,0.010907,-0.026468,0.011985,-0.0054908,8.1078e-05,0.03049,0.08055,0.018396,0.03012,0.08119,0.068522,0.052912,0.078292,0.084457,0.019347,-0.025272,0.056123,-0.04738,-0.033932,0.043957,-0.0086708,-0.031464,-0.096693,-0.026205,0.078084,-0.06966,-0.049739,0.0057841,0.015967,0.094049,-0.077332,0.0017246,0.12381,0.085429,-0.071071,0.069071,-0.014168,-0.082721,-0.0066419,0.073884,-0.052589,0.059967,-0.078776,0.020535,0.011315,-0.035889,-0.035488,0.029946,-0.037256,-0.080706,0.071711
-0.0001162,0.025625,0.0080572,0.039732,-0.011249,0.00028412,-0.11855,-0.062616,0.0023997,0.0706,0.023182,0.10338,-0.032194,-0.017305,-0.08034,-0.12586,-0.0086618,-0.10559,0.036215,0.024447,-0.0019896,0.0040062,0.044786,-0.11729,0.061657,0.0012286,0.069816,0.02523,-0.023136,-0.070895,-0.053081,-0.023495,-0.011726,-0.020579,0.041049,0.03303,-0.09682,-0.041747,-0.040414,-0.12305,-0.080338,-0.016372,0.023951,-0.049372,-0.042111,-0.0023807,-0.051767,0.001595,0.094328,0.050225,-0.041779,0.11891,-0.077849,-0.065665,-0.078957,-0.012003,0.0010124,-0.028148,0.075963,0.1475,0.070154,-0.078753,-0.021146,0.067411,-0.1026,0.094441,-0.021716,0.068144,0.069602,-0.02022,-0.0091216,-0.047229,-0.0087607,-0.076932,-0.041268,-0.022621,-0.046106,0.024867,-0.037448,-0.029573,0.020348,-0.01613,-0.017832,0.026646,-0.069564,0.054604,-0.026644,-0.047018,-0.060484,0.03672,0.016058,0.034695,-0.10804,-0.032652,-0.030846,-0.019865,-0.092276,0.075951,0.056989,0.0065846
-0.036945,0.035487,-0.09072,-0.006851,0.022741,0.0051149,-0.01536,0.0589,-0.019052,-0.013106,-0.016019,0.086246,0.046938,0.04046,-0.073112,-0.045683,0.017506,0.013746,0.027882,0.037901,-0.031767,-0.055095,0.041358,0.061904,0.0032252,0.087723,0.13068,0.063834,-0.060124,0.063472,0.035607,0.013776,0.027884,0.052969,0.067057,-0.031143,-0.034261,0.036908,0.0082309,0.050129,0.021067,-0.02537,0.10165,0.054261,-0.027593,0.0085377,-0.025754,-0.0020062,0.047756,0.11337,0.035948,0.062618,0.037404,0.053925,-0.021749,-0.042133,-0.022128,0.026788,-0.02202,-0.18854,-0.037793,0.032639,-0.14257,-0.021358,-0.11722,0.016421,0.054435,0.017719,-0.04216,0.034922,0.01664,0.040707,-0.117,0.045942,0.014792,0.032709,-0.051488,-0.034267,0.0021677,-0.12301,0.013772,0.012078,-0.069231,-0.0038395,-0.067389,0.049543,0.0019273,-0.059333,-0.059312,-0.082129,-0.032496,0.0036182,-0.060768,0.098461,-0.043046,0.064678,-0.036315,-0.00053802,-0.06559,0.02053
-0.059261,-0.053613,-0.086237,-0.044885,0.006169,-0.0039848,-0.0018749,-0.0094799,0.020161,-0.033937,-0.028361,0.0084146,0.025954,0.015563,-0.15254,0.011055,0.058687,-0.022279,-0.040575,-0.089466,0.076337,0.037091,-0.067216,0.011141,0.051826,0.012221,0.016183,-0.091465,-0.023985,-0.013714,-0.018409,0.035018,0.071902,0.070834,-0.016616,-0.098487,0.032079,0.020021,-0.04413,0.019711,-0.017011,0.027884,0.097852,-0.059322,0.031522,-0.01455,0.032168,-0.00058076,-0.065282,-0.097114,-0.029759,-0.1093,0.073436,0.046947,-0.076126,-0.12586,-0.062371,0.017385,-0.055839,-0.024267,-0.0014145,0.067877,0.03275,0.084569,0.018408,-0.021933,0.054921,0.036345,0.0077487,0.046627,0.017229,-0.041485,-0.020304,0.016567,0.0011863,-0.037929,0.011753,-0.0070577,-0.062875,0.020309,0.032119,0.0019239,0.094925,-0.065414,-0.068559,0.0018511,0.021286,0.012371,-0.083285,0.056177,0.10047,-0.099177,0.00473,0.010736,-0.063331,-0.033608,0.05597,0.022578,-0.078755,-0.093189
0.02837,0.012867,-0.082399,-0.1021,-0.058743,0.061927,0.05783,0.10004,-0.020907,-0.038715,-0.0094603,-0.050375,0.016731,-0.00087078,-0.014525,-0.057358,-0.061005,0.036175,0.0014635,0.021978,0.0029083,0.041447,0.0088622,0.060315,0.067891,0.052401,0.0090436,-0.013819,0.084478,0.024074,0.032134,-0.11324,-0.031555,-0.026779,-0.057295,0.035633,0.00023591,-0.03749,-0.026551,-0.031488,0.0091888,0.069533,-0.025184,-0.013336,-0.021389,0.031833,-0.0017269,-0.010387,-0.16509,0.0040696,-0.0064009,0.053891,-0.061931,-0.11027,-0.042866,0.044917,0.051716,-0.022802,-0.068933,0.026514,-0.016568,-0.074134,-0.0041704,-0.14694,-0.024503,-0.06263,-0.069878,-0.016539,-0.036921,0.058972,-0.0039641,-0.026043,0.04848,0.055279,0.031013,-0.07098,-0.081182,-0.069153,-0.015867,-0.022605,-0.077709,-0.016154,0.073636,0.014758,-0.029264,-0.10385,-0.034998,-0.063941,-0.10384,0.047821,0.019734,0.04623,0.066544,0.01067,0.068748,0.030869,0.0046251,0.00073493,-0.085943,-0.031369
0.011113,-0.0014823,-0.068994,-0.0032346,-0.010893,-0.028349,0.0050253,0.020904,-0.075009,-0.0070854,-0.048944,-0.03989,0.027691,0.016929,0.078616,-0.092466,-0.012074,-0.022209,-0.094987,0.03957,0.058538,-0.016976,-0.013161,0.02407,0.0080587,0.075039,-0.017318,0.0079502,0.057694,-0.0082343,0.078772,0.034949,0.02769,0.0489,0.10644,-0.050149,-0.027284,-0.002809,0.082787,0.040177,-0.026654,-0.067334,0.013833,0.054274,0.020708,0.073335,-0.057437,0.011385,-0.046381,0.086609,-0.020062,0.00032075,-0.072603,0.058338,-0.10977,0.046011,-0.032685,0.061216,0.050876,-0.004983,0.080439,0.077118,-0.058821,0.02414,-0.057313,-0.014243,0.021187,0.10271,-0.041569,-0.055014,-0.005226,-0.048388,-0.076075,-0.098397,0.070826,0.032748,-0.05659,-0.00693,0.029816,0.0112,-0.023849,0.069299,0.026722,-0.11427,0.029118,0.021702,0.1047,-0.016818,0.0044786,-0.021714,0.057181,0.038595,-0.066039,-0.037108,-0.057251,-0.033993,-0.12309,-0.028138,-0.069707,-0.0066162
-0.087719,-0.075167,-0.013153,-0.14738,-0.012329,-0.11301,0.0961,0.052788,-0.11604,-0.15029,-0.048201,0.059591,-0.03849,-0.074922,0.040534,-0.062264,0.00059295,-0.016484,-0.063993,0.034057,0.023048,-0.010179,-0.041214,0.02312,-0.0010342,0.041959,0.060496,0.037637,0.089762,-0.067992,0.015406,-0.023464,-0.039287,-0.0023063,0.073418,-0.08321,0.083712,0.056419,0.011882,0.031511,-0.075346,0.089796,-0.014811,-0.035508,-0.040779,0.066757,0.083583,-0.079782,-0.034936,0.067165,0.05666,-0.069836,0.0065802,0.02456,0.10116,-0.070736,-0.027153,0.045505,-0.0056003,0.026343,0.084948,-0.043794,0.028211,-0.10981,0.026783,0.060461,-0.11697,0.078743,0.0034283,0.060007,-0.036216,-0.021143,0.075459,-0.05312,0.094724,0.014061,0.069235,0.077803,-0.058096,-0.025116,0.046755,-0.01404,-0.042762,0.044565,0.005179,0.010216,-0.04464,-0.031237,-0.048318,-0.14512,0.069929,0.017005,0.0065556,0.08072,-0.015182,-0.049102,-0.026616,0.023874,-0.034326,0.043058
0.0082372,0.08992,0.060284,0.13563,-0.00075416,-0.062605,0.082632,-0.035792,-0.07433,0.053961,0.089017,-0.048961,0.07632,-0.069402,-0.0016805,0.010124,-0.024719,0.046232,-0.018903,0.018739,0.0035439,-0.018136,-0.0027079,-0.12228,-0.018999,0.046061,0.04516,-0.073994,-0.057346,-0.064257,-0.027919,0.055607,-0.013925,-0.025332,0.039514,-0.15685,-0.028737,-0.026995,-0.084291,0.013538,0.044997,0.082845,0.016113,-0.03601,0.082737,-0.08975,-0.049613,-0.0074376,0.018599,-0.050955,0.06064,-0.107,0.001177,0.038028,-0.07467,-0.017349,-0.01532,-0.033553,-0.0037591,-0.015843,0.020022,0.001133,-0.011823,-0.067203,-0.023284,0.0036735,0.034074,-0.020538,0.024898,-0.019607,-0.09963,-0.099572,0.029966,0.058072,-0.015936,-0.14845,0.03488,-0.068208,-0.05859,0.069382,-0.086414,-0.019123,0.018164,0.015433,0.049069,-0.065078,0.00084035,0.00042688,0.13475,0.022071,0.034011,0.033313,-0.010715,-0.030064,0.0093646,0.0382,-0.0022995,-0.049379,-0.020135,0.044437
0.013354,-0.061106,0.11527,-0.081538,-0.024149,0.064809,0.11498,-0.014812,0.0016525,-0.075715,0.04951,-0.0087683,-0.014726,-0.024146,-0.025134,-0.024578,-0.0095866,0.080676,0.018695,-0.011039,-0.17211,0.0034141,0.033469,-0.022958,-0.0023663,0.10566,-0.01885,-0.00048474,0.081801,0.052098,-0.081383,0.036337,-0.078249,0.074668,0.073961,0.015182,-0.043447,-0.035502,0.053143,-0.030408,-0.099498,-0.091167,0.046018,0.079763,-0.037671,-0.042036,0.074783,0.01165,-0.088804,-0.029014,-0.015831,0.055017,0.01271,-0.094232,-0.099565,0.019978,-0.057811,0.074692,-0.0522,-0.089502,0.03417,-0.0074204,-0.10237,-0.12744,0.0032489,0.05637,-0.099065,0.044076,-0.0034933,0.081919,-0.022715,0.038825,-0.016217,-0.050553,-0.060898,0.049691,0.031734,0.1044,-0.12691,0.014974,-0.023105,0.044504,0.011509,-0.0089841,-0.0061836,0.0031256,-0.036151,0.046567,-0.1258,0.090461,-0.070506,-0.063232,0.036577,-0.11177,0.042918,0.071317,0.01558,-0.076748,-0.057869,-0.033086
-0.078045,-0.0063958,-0.027681,-0.015744,0.014556,0.086725,-0.071052,0.04183,-0.077638,0.09748,-0.069495,-0.029762,0.10324,0.0030507,0.044289,-0.064991,0.01491,0.051612,0.052832,0.053149,-0.094525,-0.058851,0.10386,0.054464,0.018652,-0.062448,-0.0028352,-0.068747,-0.085173,0.089726,-0.0047267,-0.0055928,-0.016497,-0.034762,-0.018473,0.054948,-0.0012052,0.053756,-0.08203,0.0051793,0.015915,0.025907,0.0038841,0.0025414,0.1484,-0.012398,0.036245,-0.092864,0.050268,-0.13769,-0.072053,-0.050225,-0.052551,0.0007622,0.019121,0.014902,0.032539,-0.083319,0.024765,-0.028748,-0.056487,0.043901,-0.016977,0.019024,-0.046387,-0.059977,-0.02568,-0.0068001,0.13301,0.084457,-0.054067,0.063852,0.013027,0.080715,0.041199,0.029793,-0.0055808,-0.030481,-0.008773,0.027094,0.061996,-0.016201,-0.079819,-0.048823,0.083795,-0.022335,0.046512,-0.17222,0.037094,-0.050451,-0.010821,-0.024722,0.030015,-0.035359,0.1247,0.065098,0.0024921,0.041334,-0.11113,-0.10497
0.055882,0.099889,0.079443,0.043274,0.064124,0.045553,0.11112,-0.0077669,-0.011298,0.099159,0.10929,-0.014429,0.040953,-0.034331,-0.036511,0.09877,0.028909,-0.036802,0.1244,-0.02734,0.021908,-0.01322,-0.042616,-0.16358,0.065248,0.060783,-0.07352,0.043764,0.0031082,-0.048025,0.032074,-0.043665,-0.029653,-0.11275,-0.063219,-0.051481,0.10996,0.012425,-0.044075,-0.042241,-0.034348,-0.073969,-0.017509,0.1959,-0.032896,-0.065158,-0.080321,0.012666,-0.033644,-0.13919,0.026994,0.033704,0.030842,0.041883,-0.016045,0.01397,-0.097947,0.078004,0.0024381,-0.034643,-0.084996,-0.015039,-0.019775,-0.067257,0.043818,-0.14113,0.06276,-0.075389,-0.016689,-0.096975,-0.072613,-0.15043,0.018017,0.0055087,0.00548,0.053772,-0.070749,0.060133,0.072965,-0.10871,0.0076308,-0.12739,-0.062554,0.011373,0.073421,-0.01048,0.028984,0.039738,0.024326,0.098449,0.0055193,-0.024652,0.050412,-0.096927,0.0047975,-0.050332,0.051159,-0.016635,-0.078122,-0.021452
0.032091,0.024266,0.036962,-0.02903,0.024707,0.049183,-0.062528,-0.094359,0.099282,-0.070385,0.036817,0.054264,-0.0056082,-0.07965,-0.034632,0.080927,-0.026699,0.027237,-0.039867,0.028143,0.08529,-0.15792,0.028353,-0.046554,0.0018745,0.012991,-0.053888,-0.066635,-0.04057,-0.02493,0.020805,-0.069549,-0.013903,-0.021262,0.021337,-0.069199,0.064087,-0.046625,-0.047409,-0.08402,0.021342,0.060163,0.0963,-0.0035173,-0.0040996,0.012382,0.054506,-0.024791,0.0063815,-0.023032,-0.019764,0.035539,-0.0064705,-0.11432,0.10421,-0.036258,-0.00043665,0.048676,0.020076,-0.035267,0.038977,0.0057472,-0.018779,-0.015502,-0.1035,0.084118,0.0034688,-0.048676,0.094628,-0.017071,-0.026345,0.1215,0.08114,0.057063,-0.05207,0.011569,-0.11384,-0.088402,-0.10333,-0.00040408,-0.0069235,-0.064614,-0.20217,0.049068,-0.0037977,-0.058084,-0.11512,0.04644,0.04645,0.027943,-0.0015321,0.051468,0.021342,-0.019511,-0.076141,0.13006,0.0063879,-0.032065,-0.090888,-0.0050572
0.0033192,-0.016864,-0.095338,0.048822,-0.028995,-0.074405,-0.062133,0.043106,0.063195,-0.053884,0.024468,-0.080425,0.045928,0.050316,0.10174,0.018338,-0.083058,-0.022481,-0.15017,-0.012066,0.032593,0.066173,-0.018324,-0.024587,-0.043643,0.065251,0.032363,0.046704,0.03829,0.032489,0.00041278,-0.059458,0.028582,-0.0099581,0.037739,0.02493,-0.071797,-0.078752,-0.031514,0.0047399,0.029877,0.031286,-0.091332,-0.023332,0.022515,0.074436,0.067518,0.041522,0.043772,0.025697,0.08788,0.015346,-0.023264,-0.069359,0.006019,-0.019267,0.036565,0.084465,-0.0034669,0.027042,0.065891,-0.0986,-0.055507,-0.0047211,-0.0052185,0.058173,0.002248,-0.041893,-0.093202,0.052661,0.12979,-0.054788,-0.066583,0.099577,0.025163,-0.035515,-0.059044,-0.026795,0.048231,-0.027132,0.068079,0.0076256,-0.0098904,-0.057044,-0.040845,0.013638,0.087233,-0.02707,-0.0078683,-0.11041,-0.00076675,0.019824,-0.054686,0.10362,0.16027,0.03172,0.032525,0.066421,0.048863,-0.039214
0.037676,0.057367,0.0025983,0.098408,0.056789,0.057942,0.10816,0.0090211,0.087592,-0.014947,-0.07699,-0.079297,-0.016382,-0.07887,-0.063525,-0.027115,0.014494,-0.027507,0.090604,-0.012902,0.046713,-0.024064,-0.10338,-0.10955,-0.00092915,0.12304,-0.099317,-0.037594,-0.047432,-0.023537,-0.026515,-0.029204,-0.03674,-0.0020158,-0.079453,-0.032676,0.023784,-0.0034379,-0.069712,-0.060265,-0.0032404,-0.023483,-0.059826,0.038369,0.049385,-0.028322,0.030312,-0.10876,0.070106,-0.0071027,0.044805,0.053768,0.089601,0.029973,0.085401,0.11439,0.0074878,-0.010888,-0.017642,0.001015,-0.036293,-0.028703,0.043084,-0.088821,-0.059399,-0.027372,0.068359,0.028879,0.075008,0.0021122,0.059581,0.066976,-0.032311,0.026393,-0.052094,-0.028069,-0.11762,-0.01194,0.053146,0.010475,-0.11064,-0.071015,0.047243,0.058242,-0.020932,0.035226,0.052342,0.092867,0.0054844,0.060435,0.03616,-0.036965,-0.099918,-0.016782,-0.029292,0.043083,0.14629,0.070986,-0.066915,0.026941
-0.089783,0.090684,-0.025326,0.065719,-0.037184,0.016921,-0.011259,0.0022061,0.094526,0.058479,0.065722,0.11959,-0.025475,-0.051294,0.072273,0.01775,0.0096247,-0.032779,0.051239,-0.02317,-0.03995,0.052817,-0.064428,0.075461,-0.185,-0.0030568,0.0013556,-0.024281,0.076278,0.0012054,0.011974,-0.028116,-0.081015,-0.058845,0.0081569,-0.047594,0.050306,0.039822,0.03756,0.025317,0.048084,-0.016151,0.011988,0.040092,-0.024636,0.016225,-0.0133,0.036296,0.025481,0.12764,-0.050919,0.041435,0.15578,-0.021317,0.18877,0.11432,0.051586,0.0055001,0.066479,-0.063285,0.072489,0.039244,0.015072,-0.03542,0.041139,0.041098,-0.060824,-0.019307,-0.052049,0.02129,-0.16575,-0.12258,-0.0039114,-0.059616,-0.025641,0.018267,0.016693,-0.0099746,-0.0013798,-0.064741,0.064916,0.027728,0.018064,-0.041253,-0.029965,-0.033109,0.031593,-0.094179,-0.01925,0.056412,-0.082436,-0.023631,-0.030238,0.034826,-0.036423,0.023754,0.067609,-0.034077,0.074455,-0.015777
-0.056681,-0.015995,-0.10549,0.062065,-0.060916,-0.053008,-0.10775,-0.01624,-0.074722,0.017678,0.0057313,0.05652,0.081113,-0.028849,-0.034541,0.043628,-0.014731,-0.015074,0.065694,-0.054387,0.0066204,-0.041431,0.0020849,-0.086781,-0.18692,0.068146,0.11221,-0.033218,0.030975,-0.16776,0.0081752,-0.034596,-0.11605,-0.0027921,-0.0047207,-0.067986,-0.036989,-0.014577,-0.054539,-0.0047971,-0.0041925,-0.043526,0.059081,0.024641,-0.13147,-0.041578,0.027769,-0.036615,-0.059124,0.0092082,-0.032284,-0.085049,0.012369,0.014299,0.0041544,0.017152,0.022396,-0.027566,-0.011469,0.12949,-0.074497,0.0012799,-0.033238,0.12228,0.0069824,0.04114,-0.01846,-0.13699,-0.028628,-0.086578,-0.02982,0.10919,-0.041473,-0.058721,0.025364,-0.053388,-0.082877,-0.12977,-0.0065024,-0.10595,-0.058248,-0.087895,-0.055874,0.025805,0.017449,0.032138,-0.097001,-0.019181,-0.03325,-0.008491,-0.094998,0.025385,0.043095,0.089344,-0.066879,-0.027484,-0.029727,-0.0031955,-0.010661,-0.051075
-0.040437,0.087091,-0.036805,0.0061371,-0.10848,0.065225,0.09932,-0.087285,-0.054959,0.082398,-0.097421,0.080222,-0.026409,0.052018,-0.095609,-0.023963,0.092128,0.078534,0.052147,0.054913,0.0025685,-0.092563,0.013513,-0.063375,0.017498,0.076178,0.051834,0.0050466,0.10726,-0.10134,0.02724,-0.0074241,-0.054857,-0.009556,-0.026354,0.040649,-0.042075,0.025671,-0.092333,0.0090653,0.058162,-0.087131,-0.022978,0.011494,0.11411,0.049134,0.096161,-0.028128,0.060215,0.032972,-0.047423,0.045056,0.0011566,-0.048841,-0.027023,0.011996,0.055005,0.019696,0.0070707,0.0027272,0.0047631,0.064277,0.0491,-0.080908,0.076556,0.12791,0.078982,0.0091217,0.026313,0.012744,-0.057368,-0.097837,0.019934,0.065802,0.13115,0.056295,0.044019,0.0037089,0.0073096,0.00858,0.057978,0.071093,-0.050045,0.044451,0.029768,-0.040851,0.045299,-0.037862,0.020973,-0.093725,0.029943,-0.15187,0.090186,0.0013964,-0.12039,-0.066543,-0.020007,-0.065621,-0.016228,0.038787
0.071421,0.05451,-0.032639,0.078214,-0.030805,0.0294,-0.083821,-0.032664,0.064315,0.017641,0.054314,-0.050639,0.041952,-0.099637,0.083876,-0.072056,-0.0013067,-0.022203,0.067449,-0.04826,0.023241,0.039389,0.06313,-0.025362,-0.020519,-0.0036081,0.022225,-0.029489,0.094629,0.036555,-0.051506,0.081735,0.081251,0.11307,0.066587,-0.024487,-0.06015,0.1047,-0.11784,-0.051536,-0.020982,-0.063148,-0.0013138,0.018737,0.053017,-0.071989,0.04463,-0.00080549,-0.011312,0.0078438,0.056281,0.06565,-0.026907,0.047521,0.086847,-0.033691,-0.0094528,0.11572,-0.046376,-0.032962,0.11905,0.026614,-0.029884,0.045072,0.031538,0.10782,-0.00070372,0.0096693,0.046693,0.065577,0.012765,0.016307,0.0071469,0.028669,-0.03214,0.057786,-0.088329,0.11955,-0.031692,-0.015633,-0.011477,0.023272,0.078582,-0.046078,0.038317,-0.016635,-0.071328,0.052151,-0.040524,-0.051473,-0.024034,0.02407,0.086743,-0.016041,0.0086341,0.068126,-0.028931,-0.077268,0.037948,-0.019569
-0.088534,0.083837,0.0077254,0.061067,0.025071,0.013322,0.09704,0.1514,-0.13235,-0.043434,0.081734,-0.054878,0.071371,-0.089119,0.0833,0.0082496,-0.0032802,-0.0222,-0.025086,-0.036365,0.00039171,0.079013,0.055549,-0.070704,0.02605,-0.070627,0.034122,-0.031744,-0.13662,0.047182,0.013125,0.011156,0.088878,0.01524,-0.031456,-0.0099194,-0.051924,-0.081182,0.039691,-0.0066988,-0.11383,-0.026679,-0.054407,0.027732,-0.038036,-0.0039588,0.017328,0.0125,-0.030757,-0.060273,-0.068752,-0.066119,-0.041571,-0.081174,0.031307,0.0046882,0.061423,-0.091789,0.074763,-0.0032886,0.08746,0.012705,-0.038204,-0.039186,-0.037145,0.011083,-0.092732,0.011303,0.02537,0.039515,-0.059234,0.066304,0.14009,-0.039173,0.17604,0.0049504,-0.0053729,0.042857,0.016194,0.024734,0.039327,0.048372,0.062018,0.0016175,0.016717,0.25735,-0.091602,-0.035805,-0.01596,0.073067,0.11859,0.017888,0.032747,-0.020568,-0.0022343,0.022675,0.0071969,-0.022666,-0.035496,0.14533
0.055763,0.068304,-0.013443,0.010011,0.015277,0.0011296,0.097527,-0.041919,0.033073,0.027549,0.01216,0.048671,-0.068818,-0.073948,-0.16707,0.10417,0.11032,0.048287,-0.026278,-0.088096,-0.028043,-0.052544,-0.041196,-0.079749,-0.079703,0.033669,0.020127,0.047413,-0.042971,0.067121,0.10558,0.00079082,-0.030954,-0.00084147,-0.040967,-0.036862,-0.12154,-0.079295,0.019246,-0.01311,-0.020081,0.13208,-0.04525,0.044985,-0.027538,0.022145,-0.058148,-0.017204,0.022725,-0.01673,0.048235,0.021726,-0.10213,-0.031611,-0.058119,0.019572,0.012887,0.0053921,0.043079,0.064577,0.016004,-0.032158,0.018741,0.055568,-0.0053056,-0.00013505,-0.01623,-0.0037311,0.053621,0.040302,-0.01917,-0.03673,-0.0021268,0.013469,-0.085379,0.027767,-0.047918,0.099089,0.13287,0.12964,-0.013994,-0.056814,0.080896,-0.0037589,0.11466,0.13348,-0.010701,-0.12528,0.020152,-0.087595,-0.090794,0.043693,0.0058062,-0.012156,0.099873,-0.024967,0.056351,-0.072835,-0.017036,0.10057
-0.02332,0.020165,-0.070901,-0.027712,-0.099306,0.073092,-0.019814,0.11775,0.050421,-0.0033567,-0.066092,0.011584,-0.030749,-0.024705,0.093606,-0.029773,-0.034553,0.054667,-0.0080235,-0.045201,-0.14036,-0.007375,-0.031362,0.095902,-0.04738,0.012944,-0.016995,-0.057276,-0.043662,-0.050727,-0.043953,-0.043264,-0.019382,-0.045109,-0.056729,0.13272,-0.045459,0.071115,-0.054426,-0.014578,-0.10478,-0.082707,0.023736,0.038879,-0.08338,0.058447,-0.042974,-0.10031,-0.0037057,-0.014559,-0.084761,-0.061061,-0.0093565,-0.0039047,0.10132,0.038453,-0.016021,-0.013307,-0.063108,-0.10742,0.017625,-0.014035,-0.13328,0.035572,0.025916,0.011604,0.090424,0.094377,0.00098584,-0.094819,0.0018481,0.068641,-0.0057718,-0.074625,0.062833,0.075195,0.039988,-0.010227,-0.0018805,-0.026321,0.081605,-0.021291,-0.042769,0.010346,0.010622,-0.024356,-0.044576,-0.043292,0.048844,-0.045734,-0.077732,0.13602,-0.05691,0.14335,-0.038237,0.00011997,0.082841,0.066761,0.073568,-0.047034
0.073065,-0.072686,-0.0040995,0.019335,0.051948,-0.046879,0.016953,0.051874,-0.031305,0.023182,0.020628,0.018982,0.099551,0.051693,-0.075566,-0.044087,-0.027106,-0.011698,-0.055574,-0.03062,-0.17558,-0.061628,-0.024276,0.021405,0.05854,-0.091465,-0.099178,0.06229,-0.046335,-0.024482,0.094712,0.013237,-0.00252,0.058661,0.0017377,0.039856,0.037094,0.01093,0.020215,0.031673,0.14069,0.053888,0.038678,0.088624,0.0072909,-0.014038,-0.051875,0.049604,-0.057447,-0.11774,-0.049252,-0.042927,0.023003,0.044773,0.060597,0.041292,0.026171,-0.011691,0.0027949,-0.065131,-0.10057,-0.013416,-0.05032,0.055696,0.026926,-0.096617,-0.031238,-0.055303,-0.017637,0.026909,-0.060402,0.085093,0.017036,0.041514,-0.15298,-0.048044,0.052804,-0.054135,0.024716,-0.02979,-0.028291,0.043185,0.020746,-0.047691,0.035187,0.044933,0.071482,0.064147,-0.0083966,0.051688,-0.0052062,0.008954,0.0077796,-0.048487,0.028717,-0.097921,-0.048066,-0.18198,-0.048184,0.040466
0.01424,0.05382,-0.013836,-0.033833,0.087302,0.053091,-0.008793,-0.078009,-0.028764,-0.052657,-0.035226,0.077216,0.0015278,-0.11887,-0.047104,-0.051299,0.059856,-0.0096196,-0.0094289,0.024242,-0.00085915,-0.15211,-0.020264,0.06506,0.059862,0.010101,-0.012565,0.060908,0.070963,0.036373,-0.0024412,-0.034191,0.049585,-0.034209,-0.013613,-0.045763,-0.033608,0.037333,0.070081,-0.045385,-0.02911,-0.070181,-0.01451,0.0012955,-0.0078367,-0.056202,-0.0065028,-0.10058,0.070878,0.013794,0.021834,0.011862,-0.040374,0.010777,-0.016836,0.058953,0.040589,-0.0082726,-0.093677,-0.087613,0.048443,0.10002,-0.078072,0.033397,-0.07531,0.08587,0.084778,-0.043596,0.0073982,-0.023244,0.0046091,0.036126,0.044553,-0.088504,0.12979,-0.02394,-0.049482,-0.026693,-0.019357,0.04706,-0.064882,0.018303,0.051325,0.071019,-0.054761,0.027118,0.060922,0.052549,-0.043233,-0.052052,-0.089057,-0.04201,-0.0085008,-0.12797,0.10349,-0.019507,-0.033181,0.057151,0.0642,0.017795
-0.0093063,0.035802,-0.0030639,-0.049305,0.012838,-0.020113,-0.07971,0.042252,-0.077845,-0.075531,-0.047171,0.0011068,-0.010508,0.050154,-0.048726,0.11933,0.042088,0.068906,0.066976,-0.022799,-0.07396,-0.043389,-0.0026642,-0.040019,-0.10393,0.0043039,0.076014,-0.0031172,0.034544,0.084434,-0.086919,-0.16889,0.0087317,0.023138,-0.0082436,-0.042446,0.085467,0.07525,-0.021672,-0.050743,0.012844,-0.0083691,0.00036676,-0.047278,0.014698,-0.037535,0.012877,-0.0093236,-0.0029947,-0.014136,-0.068577,0.042116,-0.00079326,0.031383,0.046632,-0.073481,-0.01277,0.05694,-0.017852,0.056057,-0.062651,-0.13558,-0.010418,-0.092824,0.045005,-0.052164,0.078429,-0.048863,-0.0491,0.033816,0.082483,0.036857,0.071442,-0.091177,0.081138,-0.0064658,-0.010897,-0.054075,0.040884,0.045282,0.014198,-0.029212,0.032099,-0.054523,0.12012,-0.059432,-0.0071697,0.053528,0.026148,0.079724,0.032568,0.03016,0.14718,0.00099756,0.030838,-0.018679,-0.045957,0.0070153,0.072132,-0.070708
0.03792,-0.046576,0.030225,0.096369,-0.070092,0.080165,0.060544,-0.021006,0.024298,-0.10728,0.018314,0.086285,-0.020839,-0.04141,0.024563,-0.001537,0.048736,0.032083,-0.0042324,0.093056,0.09685,0.14546,-0.00021242,0.097605,-0.087065,0.090353,0.0093573,0.02876,0.010536,0.064383,0.081706,-0.010776,-0.00043528,0.080356,0.095955,0.04153,-0.081727,0.022646,-0.025256,-0.10734,-0.11817,-0.00021213,0.040724,-0.022127,-0.042156,0.035109,0.029776,-0.018782,0.016632,0.033763,0.069334,0.0075746,-0.016355,-0.0066721,-0.027488,-0.018691,0.018429,-0.058322,-0.041918,0.0025908,-0.027866,0.049098,0.027869,-0.028276,0.098869,0.044884,-0.088895,0.026693,0.033344,-0.06674,-0.055529,0.020643,-0.049291,0.14556,0.11252,-0.059515,0.073354,-0.036341,0.14586,0.046089,-0.027188,0.0507,-0.083001,-0.020781,0.027205,0.018758,0.10422,-0.053602,-0.0083393,0.0033163,-0.038385,0.038161,-0.077892,0.061061,0.014693,-0.036996,0.091691,0.05191,-0.078601,0.013728
-0.077714,0.029703,-0.084224,-0.025907,-0.057474,-0.19155,-0.087481,-0.066536,-0.050039,0.020258,-0.043001,0.040889,0.030983,0.02052,-0.027208,-0.080789,0.016548,-0.01013,0.038926,0.037103,-0.035912,-0.0081996,-0.019221,0.019655,0.08122,-0.070032,-0.082401,0.026977,0.014228,-0.091893,0.0719,0.048453,0.056954,-0.0398,0.072431,0.00071289,0.0015759,-0.059054,-0.062498,0.011071,0.01866,-0.069679,0.051591,-0.011692,-0.10483,0.12206,0.047966,0.0065833,-0.1032,-0.12296,0.060583,-0.020942,-0.028986,0.18251,0.006843,-0.017402,-0.07883,0.013688,-0.03612,0.056203,0.054214,-0.067039,-0.026728,-0.0062982,0.032916,0.055411,0.096315,-0.039359,-0.023831,0.017912,0.034051,0.042197,0.049113,0.067554,-0.027901,-0.05291,-0.023681,-0.12816,0.048355,-0.0048314,-0.072369,0.032647,-0.0082275,0.015759,-0.00014269,0.016253,0.04463,0.023772,-0.031712,0.14338,-0.00771,-0.033586,-0.044275,-0.028807,0.015049,0.024813,0.084043,0.067369,0.1081,-0.0069238
0.055047,-0.0072012,-0.058104,-0.066201,-0.037842,-0.0096881,0.042203,0.046741,0.056683,0.027313,-0.047883,0.031517,-0.072686,-0.10627,-0.065872,-0.019165,0.14702,-0.020816,-0.0040324,-0.082892,-0.011325,-0.039968,-0.025258,0.081151,0.076673,0.017944,-0.057356,-0.070978,0.0072243,0.0049214,-0.038309,0.060832,-0.001059,-0.027084,0.0090785,-0.034166,-0.036138,-0.034205,0.065857,0.011352,0.13378,-0.089087,0.0051558,-0.09467,0.039442,-0.043113,0.015546,-0.031071,-0.028728,-0.081883,-0.048828,-0.029079,0.036383,-0.053114,-0.096698,0.11805,0.047595,-0.018012,-0.10249,-0.053026,-0.0008691,0.053063,-0.095628,0.013873,0.034218,0.036461,-0.017782,0.066846,-0.072132,-0.052222,-0.0018335,0.052866,0.017416,0.12692,0.06534,0.105,0.051021,0.043291,-0.072237,0.00458,-0.061873,0.016619,0.20338,-0.04061,-0.012802,-0.041285,0.0067784,-0.051031,-0.055249,0.010409,-0.077422,0.11297,-0.11712,-0.060874,-0.0019091,-0.046435,0.015022,0.13271,0.069681,-0.00075276
-0.0048636,0.03119,0.082725,-0.028233,0.082895,-0.033361,0.026411,0.03983,-0.047697,-0.010003,0.03696,0.030069,-0.042081,-0.04907,0.013902,0.084093,-0.040531,0.078658,-0.064911,0.074352,-0.054284,0.032571,0.056233,-0.049386,0.13995,-0.098386,-0.056392,0.15059,-0.040064,-0.053671,-0.020196,0.012091,-0.10511,-0.084337,0.097953,-0.065766,-0.0019856,0.057826,-0.066253,-0.033233,0.026814,0.023714,0.024503,-0.022662,-0.02215,-0.021618,0.07789,-0.0088439,-0.013439,0.095452,-0.012486,0.023185,-0.15816,-0.037607,0.05258,0.020696,-0.057148,-0.022916,-0.029362,0.11068,0.090697,0.054272,0.007785,-0.026065,-0.14923,-0.041687,0.010045,0.060745,0.015096,-0.022201,0.095597,0.15188,-0.050678,-0.0063634,0.018409,0.10863,0.019326,0.13451,0.0078954,0.18882,-0.0423,-0.090657,0.021917,0.049679,-0.025696,0.021605,-0.040282,0.012857,-0.074485,0.054593,0.094006,-0.12455,-0.041712,0.036308,0.033643,0.044914,-0.016276,0.011356,0.045828,-0.025478
0.046582,0.0086342,0.03874,-0.03192,0.11928,0.096155,-0.01978,0.047788,-0.004906,0.044528,0.0068203,-0.041452,0.1638,0.00027236,0.014489,0.062305,0.054594,-0.015018,0.058355,-0.076803,0.032292,-0.013259,0.00089713,0.024165,0.030211,0.025501,0.15955,0.067043,0.0088764,0.023184,0.064662,-0.017724,0.0090322,-0.061866,-0.019122,0.027779,-0.014104,-0.08125,-0.010534,-0.031022,-0.11087,0.080193,-0.083333,0.049942,0.014108,-0.03962,0.018546,-0.029085,-0.020172,-0.0055902,0.0084515,0.0093102,0.05875,0.033589,-0.0048629,0.052758,0.015384,0.012118,-0.050365,0.037414,-0.084827,-0.045949,0.0091227,-0.040921,-0.012706,-0.042116,-0.035276,-0.00072683,-0.024794,0.11924,0.011208,-0.012202,0.062752,-0.0018272,-0.040254,0.023309,-0.093268,-0.013888,-0.04286,-0.05954,-0.023115,0.01766,-0.016574,0.086616,0.081141,-0.048087,0.0061428,0.16054,-0.048074,0.016261,0.03091,-0.058262,0.067294,0.034733,-0.010823,0.037094,-0.058806,-0.089178,-0.013667,0.044424
0.014133,0.081946,0.015105,-0.085185,-0.02963,-0.041011,0.0097051,0.034917,0.089191,-0.057678,-0.032793,0.095162,0.077577,-0.032691,-0.053825,-0.0013658,-0.017739,-0.15119,-0.0288,0.022447,-0.014792,0.038619,0.058735,-0.0084385,0.059666,0.015437,-0.030826,0.019601,-0.060132,0.023837,-0.012025,-0.084026,-0.00063424,0.023041,-0.13789,0.035665,-0.053943,-0.0020455,-0.051132,-0.07721,-0.036284,-0.021194,-0.078338,-0.040966,-0.004093,-0.014032,-0.12254,-0.022653,0.16655,-0.052601,0.012972,0.0073399,0.088195,-0.0089598,0.074102,-0.019746,0.091752,-0.012771,-0.071854,0.020809,0.075593,0.19041,-0.050693,-0.030747,-0.08322,-0.10084,-0.037871,0.077721,0.10693,-0.076111,-0.035843,0.0484,0.029206,0.080244,0.06463,-0.06667,-0.01869,-0.013954,-0.02018,-0.072801,0.014212,0.065412,0.13975,0.041033,-0.060845,0.17718,-0.10264,-0.038402,-0.040614,0.037826,-0.19375,-0.042539,-0.061025,-0.11627,-0.045366,-0.02937,-0.12699,0.0016997,-0.0044232,0.011909
0.015877,-0.091538,0.0071104,-0.094462,0.063137,0.060318,0.051779,-0.017309,-0.0015367,-0.12404,0.057592,0.058884,-0.011634,0.088581,0.010759,0.055756,-0.057183,0.038165,-0.064499,0.022188,-0.033158,0.055281,0.0034809,-0.042123,-0.0020196,-0.033491,0.08044,-0.16401,0.0075861,-0.0083772,0.01077,0.0060108,0.11011,-0.015344,0.080401,-0.038146,-0.010442,0.03501,-0.020973,0.057162,0.042944,0.070724,-0.003052,0.091205,0.02097,-0.025051,-0.096748,-0.095388,-0.037533,-0.040685,-0.090449,-0.061933,-0.025701,0.026323,0.026829,0.034948,0.12537,-0.096087,0.053603,0.011112,-0.05578,-0.027552,-0.084623,-0.061955,0.033135,0.041516,0.03717,0.071333,-0.025577,-0.0006815,0.096008,0.041242,0.12175,-0.026418,-0.025939,-0.094092,-0.050888,0.054992,0.10607,0.069119,0.012265,0.045654,-0.046738,0.0049458,0.049167,0.055325,0.055746,0.094585,-0.025283,0.019772,0.0026842,-0.013019,0.12882,0.026845,0.0053247,-0.043302,0.021101,0.0048865,0.028809,-0.017413
0.023728,0.047295,-0.0094568,0.080015,-0.076727,0.046166,-0.026664,-0.050706,0.00065471,-0.053784,-0.084025,0.039075,-0.036169,-0.15923,0.062287,0.022235,-0.043246,-0.044456,-0.063126,0.055914,0.047702,0.0489,-0.05931,0.074153,0.017642,-0.065118,-0.064701,-0.066128,-0.0586,-0.023265,-0.059714,-0.041769,-0.085152,-0.057343,-0.017336,-0.023596,0.069774,0.034073,-0.0889,-0.017661,0.051353,0.0035844,0.051234,0.018574,0.046885,0.013424,0.047136,0.0069839,0.096929,0.11111,-0.093435,0.047584,0.057656,0.080357,-0.01168,0.052595,0.025247,0.02254,-0.061787,-0.036927,0.12247,0.018162,0.068728,-0.017337,-0.046982,0.0017232,-0.0093116,0.016585,0.038577,-0.054002,0.03688,-0.020726,0.063663,-0.078654,-0.038758,0.087075,0.057982,-0.0061569,-0.075114,-0.022484,-0.0043398,-0.042222,-0.050834,0.06387,-0.063804,-0.0023296,0.060091,0.058294,0.073194,0.018503,-0.028169,0.042003,-0.02372,-0.046286,-0.0029428,-0.019096,0.05113,0.0053543,0.027918,-0.029466
-0.072565,0.02829,0.056027,-0.018925,0.036054,0.040659,-0.0050687,0.11901,0.03188,-0.064753,-0.047321,-0.044633,-0.016923,0.024476,0.088755,-0.055812,0.13474,-0.072847,0.031227,-0.025823,0.090357,0.086789,0.049931,0.051496,0.02312,-0.076601,0.018277,-0.07599,-0.011344,-0.035694,0.0012499,-0.0619,0.089886,0.014389,-0.018448,-0.13368,-0.040222,-0.030324,0.012698,0.0035701,-0.024722,0.022836,0.12063,-0.10513,-0.065402,0.10397,0.061472,0.022921,0.18519,0.016425,0.00091788,0.11705,-0.03641,0.082788,-0.040322,0.11297,0.049785,-0.16249,-0.034383,-0.0046967,0.017187,0.045848,-0.038486,-0.14609,-0.023994,-0.011369,-0.10771,0.020091,0.07677,0.098604,-0.01293,-0.09089,-0.041822,-0.070167,-0.01118,0.090532,-0.021868,0.012482,0.091581,-0.00767,-0.12013,0.0353,-0.009402,0.052329,-0.10373,-0.022757,-0.0073749,-0.05182,-0.056168,0.045141,0.03232,0.11045,-0.074037,0.10912,0.076096,0.066306,0.056244,-0.013596,0.14157,0.063845
0.0055114,-0.013398,-0.042329,0.094,-0.017118,-0.026583,0.00029674,-0.079631,-0.091555,0.024846,-0.13224,-0.099798,0.013902,-0.030138,-0.066452,0.053743,-0.02233,-0.053109,-0.063573,-0.061786,-0.015557,0.063803,-0.086988,0.01029,-0.089919,0.0042694,-0.0781,0.0090336,-0.045388,0.045685,0.061731,0.0031118,0.04741,0.053827,0.073284,-0.051198,-0.010363,0.012473,0.0073082,-0.028897,0.085358,-0.031,-0.040749,0.032708,0.096911,-0.0052028,-0.011674,-0.051112,0.0067129,-0.04377,-0.003136,0.071711,-0.029991,-0.039677,0.064394,0.071923,-0.00011994,-0.056532,-0.026018,-0.028728,-0.008757,-0.039824,0.0035806,0.04745,-0.052519,0.018691,0.0046521,0.097129,-0.12272,0.029264,0.084493,0.045661,0.035895,-0.0056307,0.012011,0.015473,0.07324,-0.063732,0.023176,0.012441,0.043327,0.10183,0.035903,-0.0018093,-0.11445,0.088656,0.003653,-0.092171,0.013004,-0.011356,-0.067569,0.062987,-0.059229,0.041105,-0.11133,0.043092,0.0054437,0.022274,-0.045235,0.019971
-0.061754,-0.066035,-0.041435,-0.0094921,-0.081851,0.042762,-0.093671,-0.091201,0.061175,0.081869,-0.029031,-0.021202,0.011762,0.034173,0.036395,-0.085883,0.052661,-0.075414,0.068877,-0.033957,-0.027197,-0.082114,0.12799,0.054128,0.054953,-0.12136,0.043128,0.060331,0.062626,0.056231,0.067125,-0.031993,0.065953,0.11911,0.10112,-0.031134,0.023385,0.0073086,-0.10657,0.044607,-0.032475,-0.14369,0.026983,-0.010042,-0.0019691,0.049297,0.10346,0.070845,-0.056839,0.022716,-0.1459,-0.011718,-0.045369,-0.024586,-0.064992,-0.049722,-0.092675,-0.0043517,0.0050399,-0.067651,0.036525,0.1087,-0.017324,-0.038655,0.039578,-0.039801,-0.022772,0.15276,-0.050357,-0.1105,0.10309,0.0069683,-0.0066052,0.060444,-0.084652,0.13409,-0.042616,-0.02338,-0.023923,-0.0075196,-0.032179,-0.039027,-0.090855,0.0089414,0.060313,-0.051539,-0.040943,0.0733,0.023071,0.00022597,0.073257,0.0082328,-0.074633,0.0027744,-0.050284,0.049837,0.020359,-0.051728,-0.017473,-0.025977
0.019607,0.039755,0.013481,0.0038521,-0.073715,-0.019479,0.010744,0.0073857,0.10044,-0.075658,0.050328,0.026485,-0.032213,0.044693,-0.0052925,0.078574,-0.048258,0.050345,-0.00079282,-0.0054988,-0.035627,0.00017215,-0.052073,-0.056341,-0.0023719,0.069147,-0.041981,-0.06242,-0.068276,-0.049692,-0.0043479,0.047374,0.014727,0.022637,-0.088925,0.036493,0.027346,-0.051345,0.06518,-0.10189,-0.054921,-0.0097247,0.0017417,0.037903,-0.093353,0.070711,-0.084541,-0.018528,-0.093864,-0.0071219,-0.022063,-0.083344,-0.039355,0.02193,-0.041886,0.05197,0.041603,-0.07327,0.012833,-0.083444,-0.10894,0.066816,0.007098,-0.090071,-0.057295,-0.074689,0.066654,0.025343,0.01838,0.095199,-0.030827,-0.040819,-0.054716,-0.016692,-0.066646,0.025231,0.019548,-0.047642,0.022042,-0.028595,-0.016023,-0.066023,-0.072746,0.10423,0.037786,0.098122,-0.093892,-0.043364,-0.031236,0.03222,0.020845,0.16479,-0.091538,-0.043605,-0.066871,-0.041206,0.072468,0.002655,0.046953,0.17585
0.061865,-0.086199,0.014275,-0.087875,0.018199,-0.072212,-0.0062468,0.075634,0.056128,0.02041,-0.071037,-0.022692,-0.026003,-0.080983,-0.019705,0.036516,0.033582,-0.018057,-0.0057748,-0.041493,0.099473,-0.025114,0.034229,-0.023656,0.015979,-0.079545,-0.045074,-0.017379,-0.031145,0.13499,-0.00204,0.063022,-0.064835,0.063302,0.04719,0.0015016,-0.010714,-0.12584,0.068601,0.036949,-0.05225,-0.041368,0.059691,-0.066302,0.085333,0.054874,-0.031656,0.10431,0.020477,0.030773,-0.0093989,-0.038705,-0.11116,0.0563,0.024736,-0.048904,0.055727,-0.025652,-0.032533,0.025968,-0.027951,0.13493,0.023269,0.11209,0.040766,0.017366,0.16547,-0.053016,0.059621,-0.062208,-0.047964,-0.097765,0.051661,-0.013786,0.065099,0.062939,-0.0037068,-0.088505,0.064223,-0.094045,-0.0866,-0.011358,0.0031218,-0.11492,0.0024524,-0.00045724,0.045927,0.027249,-0.083878,0.0080284,0.026148,-0.061036,-0.041791,-0.0092988,0.027407,-0.010149,-0.03305,-0.022222,0.032125,0.14657
0.034323,0.056462,0.016867,-0.0091616,0.031477,0.11398,-0.052709,0.029486,0.033604,-0.095301,0.017612,-0.055826,-0.073617,-0.026856,0.045775,0.034672,0.01857,-0.1526,0.0028764,-0.010758,-0.063581,0.081002,0.0039237,0.0057045,0.041678,-0.065438,0.073378,0.012152,0.069427,0.0064702,-0.0046196,-0.067697,-0.031492,-0.0061001,-0.079443,0.0092493,0.037523,0.0095576,-0.088199,-0.086667,0.044342,0.0074141,0.0093331,0.050241,0.051839,0.098066,-0.019215,-0.067002,-0.058456,0.039874,-0.025847,-0.0054344,0.010915,0.028396,0.04926,-0.048641,-0.045111,0.01382,-0.036873,-0.0061117,0.054082,-0.017217,-0.029184,0.030435,0.030979,-0.0038926,0.03549,-0.10074,0.01993,-0.066297,0.022705,0.033603,0.0080913,0.039042,-0.069427,0.037567,-0.11364,0.087299,0.050078,-0.15364,0.057833,-0.02754,0.034864,-0.084287,0.02684,0.044494,0.049695,0.044321,0.088225,0.042761,-0.096054,0.0081343,0.037656,-0.091618,-0.030475,-0.21231,0.059886,0.00030956,-0.063028,0.049963
-0.0069586,0.033863,-0.032802,0.081522,0.017283,-0.011453,-0.090166,0.0054096,0.030163,0.017845,-0.035786,0.064225,-0.0075855,-0.023357,0.0045328,-0.053343,0.023955,0.11661,0.051348,-0.13202,0.018762,0.014675,0.039228,-0.019251,0.03901,0.065803,-0.023487,-0.035869,0.045127,0.060587,-0.0061053,-0.0066357,0.13357,-0.060203,-0.018154,0.022047,0.020471,-0.042311,-0.12215,-0.078629,-0.050061,0.016255,0.12064,0.0031521,0.018451,0.02244,-0.036873,-0.14159,0.085374,-0.049061,0.019774,0.053841,0.12272,0.07151,-0.028383,0.0030142,-0.021395,-0.021143,0.045514,-0.0065731,0.0070024,-0.044536,-0.065837,0.088759,-0.022916,-0.1189,0.028963,-0.016718,-0.095248,0.039714,-0.070593,-0.12636,0.09577,-0.11682,-0.032654,-0.064015,0.01921,0.054356,-0.020125,-0.061479,0.0072787,-0.044076,-0.085182,-0.028959,0.0067605,-0.030013,0.029282,0.0020284,0.049078,0.023895,0.028907,0.025395,0.029683,-0.028836,0.015759,0.048092,0.032164,-0.07443,-0.035442,-0.0038171
-0.047373,-0.085818,-0.050981,-0.09465,-0.058224,0.021444,-0.028286,-0.059057,0.13702,0.0078638,0.051938,0.14228,0.078451,0.032718,-0.043688,-0.013839,0.034754,-0.020649,-0.056501,0.0047045,-0.04537,0.038824,-0.00056504,-0.090116,-0.13296,0.068093,-0.07219,-0.029174,-0.06949,0.10311,-0.03549,-0.091282,-0.024744,0.0090824,0.039761,-0.0053604,0.050392,0.058205,0.0066197,-0.01983,-0.01017,-0.022018,0.060151,-0.0023873,-0.0097754,-0.078501,-0.027542,-0.061335,-0.044414,0.0019175,0.018766,-0.032878,-0.0081607,0.11076,-0.028601,-0.005364,-0.038978,-0.04863,-0.038149,-0.049922,0.010763,0.03149,0.023246,0.054221,0.025537,-0.082947,0.00053041,-0.028187,0.026453,0.076018,-0.036368,0.072819,-0.061339,0.057024,-0.038246,-0.076583,-0.090795,-0.13307,0.021377,-0.055985,0.039072,-0.026575,0.051193,-0.0052812,0.10507,-0.033696,-0.077724,-0.0058725,0.041539,0.045404,0.12013,0.030017,-0.012549,0.0076708,0.099536,0.093439,-0.041125,-0.013718,0.006965,-0.11818
-0.077923,0.0069571,0.042381,0.0074293,0.037353,0.048989,0.030593,0.026029,0.088305,-0.020458,0.0029936,0.092943,-0.042556,-0.060182,-0.054088,0.027097,-0.053662,-0.027758,-0.00095915,-0.053451,-0.026657,-0.10135,-0.049827,0.036457,-0.052675,-0.053685,0.0066607,0.019568,-0.02417,0.087233,0.10668,-0.0013156,0.066962,0.14502,0.020105,-0.068488,0.044491,-0.047233,-0.041674,-0.079172,-0.029287,-0.033268,-0.019218,-0.032027,0.0090264,0.064589,-0.046603,-0.10321,-0.01189,0.008598,0.054267,0.02401,0.0025238,-0.04491,1.5119e-07,-0.061983,0.019582,0.0035191,0.0094594,-0.086633,-0.00077525,0.082763,0.11228,-0.061542,-0.0996,0.029213,0.050072,0.015099,0.087809,0.0089383,-0.11852,-0.11858,-0.056412,0.094058,0.0766,-0.039838,0.041708,-0.012018,0.024604,0.000325,-0.054894,0.0098507,0.046118,0.042047,0.018038,0.0020082,0.027324,0.011302,-0.038414,0.030619,0.082426,0.028307,-0.13467,0.082789,0.04235,-0.034734,-0.058978,-0.048878,0.071777,0.10179
0.010834,0.038938,0.056627,0.085503,-0.083197,0.034806,0.01017,0.030727,-0.051408,0.026142,-0.072542,-0.00084009,-0.014244,0.1072,-0.068388,0.13982,-0.065718,0.03135,0.080727,0.0034685,0.091008,0.020897,-0.013535,0.050824,0.012402,0.040918,-0.046373,0.029175,0.0037748,-0.029144,-0.0088501,-0.021184,-0.001076,-0.021736,0.027679,-0.060822,0.034763,0.003544,-0.0057332,0.063036,0.049708,0.026632,-0.01333,0.061865,-0.078379,-0.068299,0.048673,0.02185,-0.0099545,0.0081144,0.00036913,0.0071913,0.059172,0.059725,0.0054713,-0.062127,-0.049044,-0.023378,0.027183,0.035526,-0.073271,0.062548,-0.020324,-0.013745,0.11838,-0.013526,-0.022794,-0.026922,-0.092679,-0.080173,0.0015749,-0.050092,0.022633,0.015809,0.034,-0.030564,0.0093949,-0.075141,-0.054322,-0.021907,-0.04167,-0.011547,-0.11004,0.069035,0.036442,-0.053028,0.013935,-0.023678,0.078848,0.0038112,0.0022323,-0.056663,0.0017836,-0.03546,-0.0062432,-0.058722,-0.091,-0.075467,0.013596,-0.0027351
0.10081,-0.0069626,0.042158,0.015777,-0.031424,-0.011312,-0.064971,0.043257,0.050437,-0.0078445,0.048561,0.067352,-0.049983,0.00091798,-0.05157,-0.025626,0.025803,0.040697,0.023058,-0.072475,-0.13265,-0.015739,-0.039003,0.020891,0.023156,-0.03708,0.10712,0.16676,-0.023996,0.007071,-0.025017,0.070469,-0.081783,0.0068713,0.079814,-0.011325,0.097027,0.02624,-0.069226,-0.090803,-0.054158,-0.038629,-0.034659,-0.058468,-0.048669,-0.018627,-0.0019837,0.06964,-0.016978,-0.018744,0.030896,-0.0051556,0.062527,0.0047305,0.033871,-0.11963,0.098692,0.031906,0.058758,-0.075207,0.0081894,0.018191,-0.028858,-0.014254,-0.0011611,0.017867,0.014271,-0.049286,-0.11227,-0.053862,0.035515,-0.03852,-0.0074866,-0.031174,-0.035903,-0.093313,0.10636,-0.0050757,-0.060122,-0.019054,0.0011353,0.034549,-0.03868,0.022212,-0.06878,0.0017448,-0.10431,0.026048,0.021422,0.015805,0.0076912,-0.065373,0.01293,0.055856,-0.061672,0.034193,0.0081533,-0.10183,0.13555,0.018998
0.013168,-0.065511,0.059385,0.058915,0.044022,0.0078803,0.037365,0.079203,0.062011,0.0082015,0.033966,0.0094357,0.04276,0.017687,-0.025312,-0.058023,0.0026557,0.032429,0.0035789,-0.016912,0.074139,-0.015778,-0.03643,-0.012253,0.0093439,0.073936,-0.014431,0.071388,0.010339,0.047207,-0.014762,0.089371,0.0089817,-0.026643,-0.036767,0.012829,-0.0062259,0.026396,0.078521,0.038228,0.0047755,0.0067594,-0.0019164,-0.040857,0.059948,-0.014684,-0.12376,-0.021382,0.048081,0.015171,-0.02837,0.030294,-0.035965,0.080907,0.026151,-0.011768,0.08905,-0.034801,0.047857,-0.072924,-0.034874,0.00014868,0.037443,-0.002338,-0.060362,0.0089646,-0.16021,7.7114e-05,-0.015251,-0.028354,-0.01909,0.088591,-0.059622,0.13549,-0.02972,-0.021194,-0.092686,-0.0016915,0.084072,0.077482,-0.015471,-0.012536,-0.099568,-0.066226,0.036868,-0.015011,0.10575,0.1127,-0.067936,0.032793,-0.0080998,-0.10554,0.060515,-0.045316,0.12415,-0.071664,-0.0087141,-0.020256,-0.017956,-0.070204
0.0017928,0.058384,-0.053567,-0.12952,-0.054619,-0.075661,-0.0052614,-0.058771,-0.0039645,-0.0065045,-0.04335,0.084259,0.0086009,0.0058089,0.10821,0.072721,0.019071,-0.0885,0.0089024,0.02884,-0.0089467,-0.07421,0.015232,0.034703,-0.067544,0.05438,-0.0047121,0.0699,-0.018544,-0.075196,-0.062421,0.040906,0.014739,-0.14074,-0.016225,-0.0090315,0.014704,0.054643,0.033745,0.040686,-0.025437,0.034479,0.0712,0.001594,0.037781,0.08382,0.033414,-0.008726,0.031638,0.034829,-0.098241,-0.064288,-0.039314,0.033444,0.049831,0.039709,0.023031,-0.010511,0.02947,0.026578,0.053285,-0.025733,0.025108,0.029439,0.031931,0.12636,0.02203,-0.007871,0.11558,-0.069201,-0.10952,-0.14441,0.081056,0.089993,-0.06545,-0.090684,-0.010441,0.097778,-0.03413,0.12443,-0.10893,0.14431,0.011931,-0.034556,-0.10924,0.033972,0.15757,0.093374,-0.051151,0.043311,0.054412,0.015152,0.042038,0.048742,-0.022976,-0.002164,-0.045004,-0.076674,0.0075371,0.047223
0.040316,0.080299,-0.023227,0.026165,0.089146,0.0038427,0.070387,-0.032621,0.13039,-0.034162,0.027477,-0.041874,0.063746,-0.013957,-0.0086881,-0.07166,0.08381,0.047755,-0.066557,0.046156,-0.094942,0.037485,0.039461,-0.040392,0.0049059,-0.047956,-0.08385,0.02679,-0.026764,-0.04028,-0.02328,-0.0030883,0.026737,-0.019835,0.019885,-0.0091842,-0.023779,0.0028199,0.06791,-0.0897,0.1553,-0.019214,-0.056022,0.11394,-0.11069,-0.044813,0.022991,-0.019706,-0.017266,0.0031471,0.042376,-0.0022694,0.089324,0.018397,0.061467,-0.024684,-0.011786,-0.010489,0.054665,-0.1603,-0.0074479,-0.00099453,-0.11821,0.04483,0.021226,0.027136,-0.020308,-0.058732,0.053906,0.089199,-0.040285,-0.10281,0.010257,0.042214,-0.019531,-0.01755,-0.079695,-0.053139,-0.051161,0.04438,-0.051764,-0.0033495,-0.0032122,0.064802,0.058533,0.096381,0.044525,0.045141,0.060339,-0.062979,0.092752,0.0094655,-0.12648,0.076829,-0.049364,0.045501,0.071612,0.063842,-0.022504,0.038766
-0.011716,-0.01692,-0.0089541,-0.027995,0.0015201,0.00063123,-0.049568,0.0065516,0.0043532,0.018499,0.024352,0.032144,-0.079546,-0.024765,-0.0089122,-0.11059,-0.024052,-0.05135,-0.0078953,-0.075378,0.044177,0.15085,0.021909,0.054884,-0.054597,0.013329,0.14751,0.081953,0.01102,-0.025022,0.002065,-0.011577,0.038535,-0.032025,0.009695,0.038811,0.018477,0.10528,0.018596,0.088233,0.080274,0.03804,0.060157,-0.036249,0.010658,0.028575,0.095166,0.062932,-0.083426,0.013722,-0.060562,-0.021771,0.01506,-0.030154,0.031861,0.001964,0.048006,-0.036036,0.032102,0.029424,0.036377,0.043213,0.011831,0.0079008,0.011549,0.012209,-0.071151,0.055831,0.083931,0.061551,0.0055102,0.087125,0.01292,-0.00045953,-0.024852,-0.039559,0.085606,0.022334,0.0025982,-0.1204,-0.058044,0.050635,0.030075,-0.054993,0.037601,-0.010625,0.020744,0.010184,-0.12173,-0.020567,0.052821,0.057322,-0.051712,-0.028057,0.09742,-0.088983,0.0066543,-0.094255,-0.0284,-0.0010972
0.035346,0.02938,0.12164,0.061204,-0.0073007,0.015761,-0.020325,0.05526,0.05479,-0.0070441,0.023735,0.059388,0.059291,-0.043624,0.012501,0.049004,-0.013542,0.038851,0.040053,-0.043133,0.1099,0.08293,-0.10513,0.11068,0.097159,0.015169,-0.005036,-0.081567,0.04055,-0.059421,-0.065645,0.068094,0.072209,0.014654,0.061025,-0.010566,-0.01535,-0.067623,0.028016,-0.082047,0.08549,-0.014782,0.046284,-0.064277,-0.017509,0.084696,0.014318,0.10692,-0.016031,-0.03149,0.0033883,-0.064914,-0.03328,0.054899,-0.037288,0.065807,-0.051949,0.0044134,0.050383,0.0021139,-0.085997,0.0046601,-0.033054,0.073693,0.052621,-0.041482,-0.039963,0.0052553,0.052633,-0.070241,0.10908,-0.072335,-0.083011,0.0084039,0.076406,0.010491,-0.015651,0.048922,-0.024477,0.058035,0.14511,-0.073199,0.0017962,0.046996,-0.040357,0.052747,0.0028804,0.018655,-0.028299,0.0068046,-0.046287,-0.044157,0.057397,0.017221,-0.059303,0.074497,0.037265,0.061491,0.045558,0.04825
-0.0096839,0.031422,0.019196,-0.0116,-0.06248,0.035304,0.049729,-0.07376,0.029968,-0.069794,0.017693,0.023246,-0.02673,-0.040213,-0.090234,-0.0076992,0.062936,0.070364,0.090241,0.024933,0.0068775,0.019028,-0.096932,0.11422,0.041235,0.055381,-0.049357,0.035365,0.050508,0.035187,0.0039279,0.014945,-0.000296,-0.011568,0.010078,-0.032517,-0.061482,0.11638,-0.034899,-0.038044,-0.0071864,-0.01519,-0.047157,-0.033843,0.018586,-0.035743,-0.035491,-0.067495,0.079629,-0.0052155,0.13054,0.056881,0.10314,0.0087714,0.066617,-0.039414,-0.037508,-0.1253,0.031527,-0.093661,-0.055756,0.029415,-0.01563,0.026782,-0.042676,-0.019656,0.020418,-0.023203,0.024772,-0.030072,-0.039965,-0.04282,-0.027385,-0.047402,-0.048246,-0.12162,-0.037968,0.0076956,0.034043,-0.026717,-0.02161,-0.048675,-0.014039,0.076119,0.028851,3.9655e-05,-0.067603,0.030016,0.064448,-0.016897,0.060168,-0.047054,-0.1513,-0.025005,-0.043905,-0.013031,-0.027021,0.019324,0.0043937,-0.028059
0.056154,0.12572,0.045479,-0.025988,0.091882,-0.022943,0.099529,0.049567,0.11891,-0.033784,-0.12625,-0.077303,0.048909,0.010372,-0.045819,-0.0074784,-0.035174,0.095157,-0.026298,-0.025238,-0.0031427,-0.020817,-0.071697,-0.010981,-0.0062351,0.036674,-0.14514,0.026719,0.045355,-0.11301,0.044855,0.019478,-0.060314,0.056547,0.052358,-0.030407,-0.09353,0.042489,0.025499,0.12583,-0.02693,0.061135,0.050766,0.047545,0.010166,-0.03772,0.079202,0.070421,-0.023001,-0.1169,0.098592,0.040364,0.059865,-0.0080326,0.06172,-0.019949,0.11428,0.017426,0.0024628,-0.11647,0.020649,-0.049319,-0.040829,-0.022476,0.071033,0.091704,-0.14438,-0.048236,0.010654,-0.16228,0.028428,-0.059545,0.013974,0.0019176,-0.076268,-0.11079,0.0091465,-0.035214,0.071699,-0.081195,-0.069506,0.042977,0.041277,-0.051115,-0.092183,-0.068888,0.049309,-0.02514,-0.031962,0.020618,0.061532,0.029218,-0.024321,-0.032279,-0.030586,-0.0028976,0.077818,-0.0056513,-0.064495,0.0047053
-0.015729,0.052479,0.037958,-0.040027,-0.029842,0.12036,-0.0074668,-0.10907,0.04672,-0.014814,-0.012312,0.083108,-0.017334,0.066043,-0.021736,0.041642,0.025333,0.050558,-0.042387,-0.0072065,-0.049561,-0.061526,0.046637,-0.063763,0.048919,-0.0059649,-0.048911,-0.039141,-0.03545,0.018756,-0.061737,-0.043023,0.11678,-0.010476,-0.027593,-0.12443,0.03282,-0.080286,-0.072945,0.092354,0.037363,0.027207,0.051399,0.015485,0.019637,0.0068691,-0.046526,-0.0063666,-0.078521,0.049179,0.066573,0.015706,0.036517,0.042188,0.064681,-0.12557,-0.0038612,0.080609,0.015306,-0.089932,-0.03359,-0.096181,0.016162,-0.06674,-0.0039912,0.014037,-0.12744,-0.016373,-0.010208,-0.020711,0.0093513,0.05353,0.13686,-0.08522,-0.042493,-0.020836,-0.028217,0.024178,0.14285,0.020142,-0.016873,0.043511,0.017326,0.083599,0.092328,0.0023172,-0.074191,0.012481,-0.090568,-0.070848,-0.05374,-0.061167,-0.026561,0.020062,0.010654,0.050944,0.1495,-0.014016,0.057259,0.00017928
-0.035236,-0.013011,-0.068765,-0.088979,-0.05879,-0.026066,-0.03982,-0.02673,0.027694,-0.061036,0.069623,-0.015047,0.066961,-0.11571,0.12379,-0.056549,0.031786,0.074304,-0.040498,0.080164,-0.02847,-0.06361,0.11776,-0.071991,0.0061379,0.077348,0.053045,0.038974,0.020177,0.0774,-0.0010874,0.060059,0.035554,-0.0093927,0.063182,0.028887,0.022617,0.021099,0.082226,-0.084986,-0.083949,-0.037198,0.11323,-0.06232,0.12595,-0.01404,-0.028595,0.0055095,0.029807,0.090012,-0.057211,0.070304,0.025196,0.10436,-0.026096,0.029015,-0.025955,0.048806,-0.059817,-0.066439,-0.033276,-0.023202,-0.092935,-0.050263,-0.016342,-0.11138,0.094041,-0.0049085,-0.013501,0.034081,0.063814,-0.061588,-0.079316,-0.045429,-0.15206,-0.01727,0.077489,0.069631,-0.026251,0.024089,0.062833,0.011961,0.033344,0.029777,-0.099166,-0.081823,-0.0043951,-0.065822,-0.029182,-0.097897,0.082148,0.075236,-0.060702,0.16662,0.037782,-0.067359,-0.03524,0.17099,-0.020729,0.10997
0.11555,0.0012624,-0.066171,-0.10162,-0.033727,-0.052327,0.057085,-0.028395,-0.033803,0.021953,0.034201,-0.036915,-0.0077802,-0.0077201,-0.091282,-0.1637,-0.075032,0.0075344,-2.9202e-05,-0.028508,0.0097383,0.0024433,0.038294,0.039146,-0.020482,0.014659,0.00053227,0.0581,-0.062094,0.026013,-0.032248,0.038242,0.033418,-0.11956,0.007923,0.16637,-0.014764,0.036261,-0.022426,0.018789,-0.020172,0.025186,-0.032602,-0.046641,-0.087667,-0.048169,-0.031905,0.11732,0.016453,0.066388,0.034097,0.12997,-0.043959,-0.046648,-0.044307,-0.074891,0.0053645,0.069352,0.02493,0.053962,0.00054976,0.080983,0.018393,-0.13522,-0.00025375,0.032082,-0.031351,-0.012498,-0.14208,0.06464,-0.0033721,-0.0099019,-0.051843,-0.089011,0.017621,-0.19216,-0.035894,-0.057087,0.0069052,0.017812,-0.05293,0.088805,0.011532,-0.0088854,0.019257,0.066733,-0.061839,-0.027303,0.037813,0.078538,-0.039559,-0.034022,-0.040146,0.042036,-0.04224,-0.026896,-0.0082779,-0.03012,-0.070387,0.023826
-0.042806,0.012953,-0.058041,-0.016009,0.033263,0.077487,-0.075334,0.070576,0.10207,-0.059611,0.078768,-0.0048007,0.036505,-0.014183,0.06255,0.078203,0.01763,0.086764,0.063596,-0.022952,0.090226,-0.0022573,-0.015009,0.060463,-0.042518,-0.050761,0.06105,-0.031659,-0.0067959,0.0015872,0.036302,0.03472,0.0017746,-0.00014709,0.01241,-0.00096743,-0.018561,-0.038867,-0.13043,-0.037915,-0.08349,0.00010139,-0.089739,0.12701,0.065296,0.025201,-0.041583,-0.057575,-0.067962,-0.027274,0.017054,0.075392,0.0070914,0.08399,-0.014963,0.0097336,0.076832,-0.0086377,-0.044369,-0.091851,0.12477,0.064649,0.0059082,-0.00109,-0.082929,-0.010448,-0.031136,-0.047467,-0.10122,-0.15243,-0.086422,0.020616,-0.007679,-0.0043174,0.073745,-0.053919,-0.0045493,0.012591,0.019505,-0.095662,-0.066431,0.013895,0.075547,0.086848,-0.095327,-0.09635,-0.072776,-0.02178,0.024322,-0.087886,0.095874,-0.00026788,-0.076512,0.033731,0.021751,0.046503,0.045809,-0.0050226,0.042056,0.053915
-0.0021955,0.10137,0.004165,0.13439,0.07686,-0.13706,-0.035922,-0.072084,-0.071055,-0.094557,0.12194,-0.030716,-0.038158,-0.077662,0.00028805,0.015983,0.10271,-0.068659,0.021609,0.070249,-0.016453,-0.10125,-0.02228,0.034851,-0.065147,-0.063103,-0.10615,0.11221,-0.090786,-0.011888,0.059398,0.071686,0.068157,-0.0029527,-0.040758,0.027881,0.075142,-0.087758,-0.058832,0.021825,0.0015839,-0.024064,-0.064424,0.045441,0.076864,0.024857,0.021657,0.027283,0.10293,0.067205,0.044232,0.052794,0.016371,-0.061316,0.069283,-0.04523,0.0087132,-0.10035,0.040412,-0.011169,-0.0017673,0.0076212,0.035298,-0.0031786,-0.026875,-0.0062313,-0.11343,0.034254,0.05585,0.03831,-0.029312,-0.0051114,-0.0059146,-0.00028817,-0.044045,-0.021195,0.019739,0.074529,0.11293,0.060764,0.030915,-0.016268,-0.032919,-0.019412,0.045701,0.015949,0.022499,0.071684,-0.016915,-0.0095298,-0.0073408,-0.040019,-0.066354,0.01366,-0.047821,0.038038,0.036152,0.070574,-0.088378,0.083391
0.020427,0.078952,-0.054482,0.023242,-0.15041,0.061179,0.13154,0.034946,-0.014765,0.043967,0.0093801,0.015077,0.065101,-0.073773,-0.052096,0.041387,-0.097216,-0.062995,0.038346,-0.071374,0.063737,-0.0095867,-0.059347,-0.052315,-0.031723,-0.10083,0.038402,0.012049,0.072359,0.015107,0.061316,0.0050208,-0.045002,0.08192,0.0086534,-0.053633,0.017809,0.031908,-0.058744,0.074227,0.065592,-0.048969,0.032482,0.018969,-0.0034868,0.064486,0.0064625,-0.046393,0.018985,-0.011097,0.050065,0.021672,0.01053,-0.026495,0.002153,-0.029779,-0.031715,-0.0039017,-0.008255,0.05427,-0.037426,0.023968,-0.017302,-0.02455,-0.032996,-0.035725,0.022877,-0.039711,0.056666,-0.094493,0.06573,0.038294,0.00853,0.09712,-0.1272,0.039278,0.012236,-0.085791,-0.038051,-0.0068076,-0.059512,0.032854,0.053542,-0.065694,-0.034554,-0.011329,-0.024528,-0.045366,-0.024007,-0.051018,-0.019291,-0.064134,-0.086138,-0.027261,-0.12213,0.044352,-0.14824,-0.0692,-0.069313,-0.076646
-0.0089018,0.064177,0.018443,-0.021315,-0.013225,0.11063,-0.074244,0.072007,0.053128,0.053246,-0.008407,0.080479,0.016618,-0.0048977,-0.044732,0.069302,-0.042757,0.034637,-0.074434,-0.077562,0.074594,-0.09477,-0.1392,-0.055995,0.047848,0.069861,-0.055132,-0.031359,0.0031105,0.039912,-0.01776,-0.072729,-0.0784,-0.063407,-0.027367,-0.079905,-0.034045,-0.097652,-0.0045221,0.040044,0.011723,-0.024316,0.064655,-0.02179,-0.10045,0.083254,-0.11017,-0.052761,0.018304,0.061938,-0.095169,-0.092419,-0.014793,-0.047865,0.048816,0.055191,0.041916,0.047664,0.043108,0.029656,-0.0658,0.046357,0.073027,0.056672,-0.08888,-0.038952,0.111,-0.040774,-0.041485,-0.074038,0.11443,0.030589,-0.097495,-0.024524,-0.011007,-0.01681,-0.040885,-0.01873,-0.060964,-0.058951,0.0052241,-0.031601,0.040836,-0.029715,0.019589,-0.014404,-0.020893,-0.054509,0.1381,-0.066254,-0.091045,-0.021954,-0.0037849,-0.093889,0.012773,0.01523,-0.051024,-0.0076788,-0.0047565,0.065015
0.0033406,0.02038,0.026981,-0.021187,0.049644,-0.05419,0.058556,-0.035367,0.0379,-0.015586,0.09074,0.068903,0.039851,-0.01745,0.02201,0.0058645,-0.071971,-0.11477,-0.01228,0.0023546,0.053102,0.060093,-0.035916,0.1029,-0.11331,0.00020348,0.0093393,0.017272,0.10458,0.013678,-0.011993,-0.0046752,0.031508,0.0069325,-0.035499,-0.031594,-0.016316,-0.030281,-0.038216,-0.01624,0.00083279,0.024939,0.10611,0.018928,-0.065184,-0.0097961,0.026121,-0.030955,-0.014897,-0.0087402,0.0002727,-0.012341,0.039859,0.011943,-0.020401,-0.055864,-0.037015,-0.042933,0.031929,0.075074,-0.0070467,-0.008429,-0.029034,0.079368,0.0022661,-0.031478,-0.10336,0.0096521,-0.028839,0.065391,-0.09965,0.0037519,0.12005,-0.12048,0.050174,0.043824,-0.00068717,0.028489,-0.013983,0.047113,0.065717,-0.052089,-0.06644,0.020384,0.11168,0.066121,-0.045383,0.059249,0.042116,0.08614,-0.11576,-0.062103,0.0036349,0.0086972,0.017306,0.0076863,0.0057141,-0.038165,-0.038367,0.024788
-0.0046239,0.06323,-0.01897,-0.0025266,0.0033404,-0.061956,-0.097153,0.073063,0.0022974,0.12511,0.018652,0.050608,-0.073304,-0.022976,-0.12367,-0.013964,-0.017577,0.026954,0.064937,0.086908,-0.0020869,-0.0077872,0.081229,-0.0043967,0.034203,-0.026528,0.091651,-0.083499,0.047761,0.025026,0.008597,0.011741,-0.058893,0.053457,-0.0078128,0.0089836,-0.0041379,0.13287,-0.065899,-0.0063872,-0.069859,-0.071153,-0.07526,-0.030378,0.037988,0.047615,-0.049596,0.034813,-0.080798,0.035654,-0.0096322,-0.079872,0.03766,-0.014836,0.041937,0.032373,0.070831,0.15947,0.048195,-0.02465,0.032874,-0.035016,-0.082051,-0.058688,0.036195,0.026093,0.043611,0.015294,-0.02617,0.070413,0.00050397,-0.062268,-0.06065,0.030474,-0.058221,-0.03126,0.022753,0.012152,0.021223,-0.067166,-0.025131,0.023001,-0.027994,0.025802,0.017902,0.02631,0.11359,-0.014359,-0.050523,-0.063464,0.037112,-0.037361,-0.040152,0.080788,0.10136,-0.076958,0.0053784,0.087947,0.03194,0.044553
-0.13898,-0.1142,0.039966,0.024314,0.036433,-0.067637,0.043772,0.11126,0.11328,0.018075,-0.041021,0.003199,-0.015008,0.027576,-0.11812,-0.085061,-0.08147,0.089657,-0.033302,-0.091687,0.073321,0.065527,0.050019,0.018213,-0.13958,0.055331,0.040748,-0.037894,-0.023731,-0.093367,0.007647,0.080856,0.019205,-0.028169,0.035896,0.0061479,-0.052527,-0.026251,-0.057164,0.028802,-0.073603,0.019013,0.066094,0.049759,-0.088386,-0.091759,-7.3898e-05,0.061494,0.021651,0.024608,0.10492,-0.037142,-0.018388,0.066127,0.0028856,-0.0084342,0.11327,0.013723,0.045994,0.046039,-0.0024344,-0.0044776,0.043104,-0.0037712,-0.057833,0.014078,0.032299,0.092359,0.022259,-0.024011,-0.028041,0.065169,0.08943,0.02839,-0.018453,-0.030741,-0.075334,-0.034939,0.028067,0.018875,0.072907,0.030884,0.035518,-0.064289,-0.12732,0.071512,0.05558,0.050015,-0.011049,-0.0045379,-0.014984,-0.026236,0.012605,-0.042733,-0.012669,0.096848,-0.071529,-0.078416,-0.14629,-0.0367
-0.030567,-0.053931,-0.013627,-0.11736,-0.021179,-0.0096492,0.0098337,-0.0055569,-0.088865,-0.016367,-0.0050409,0.0015365,0.0083466,0.016571,-0.066981,-0.030664,-0.0055594,-0.030023,0.0088627,-0.0097653,-0.12285,0.0093544,0.092112,0.12082,-0.0020403,0.019361,0.015961,-0.021625,0.017803,0.05315,0.077999,-0.0027958,-0.0039393,-0.034005,-0.054433,-0.055108,-0.0080085,0.007135,0.052987,0.054487,-0.0095235,0.020397,0.053052,0.005219,0.02003,-0.054631,-0.028529,0.070647,0.058408,-0.13137,-0.072417,0.037905,0.058801,0.0045917,0.059887,0.020451,0.066196,-0.086658,0.011787,0.087632,0.045298,0.078272,-0.024824,-0.028273,-0.044518,-0.0343,-0.068511,-0.003517,-0.061454,0.047123,0.090502,0.0092472,-0.0047829,0.050013,-0.080981,0.021731,-0.061102,-0.054312,-0.027391,0.02737,-0.024568,-0.037263,0.039794,-0.060267,-0.062716,0.006232,-0.037527,0.0089258,0.021497,0.030166,-0.081903,-0.03507,-0.034085,0.016632,0.076549,-0.037226,-0.018091,0.0065385,0.0090893,0.053737
-0.0089495,0.017196,0.035375,-0.013505,-0.1251,-0.15435,-0.048069,-0.010963,0.062116,0.018829,0.0056581,0.0061896,0.005509,-0.012979,-0.14383,-0.060882,0.019418,0.012897,-0.060302,0.061242,-0.02475,0.05762,0.12844,0.03053,-0.022616,-0.095409,0.046616,0.033271,0.014351,0.011776,-0.023479,-0.057597,-0.0019927,0.093841,0.017488,-0.009654,0.12052,0.075233,0.057401,0.042504,0.027759,0.022049,-0.030589,-0.074052,0.0097166,-0.089324,0.01459,-0.092433,-0.032751,0.033515,-0.058696,0.10427,-0.065929,-0.014909,-0.069904,-0.06529,0.048321,-0.038635,-0.12344,-0.0605,0.032322,0.041353,-0.15483,-0.0077158,0.050081,-0.019434,-0.0025428,-0.0059151,-0.094019,0.014398,0.033082,0.10952,0.12871,-0.099097,-0.045526,0.016326,-0.0047485,-0.030008,0.047603,-0.13115,-0.090317,-0.017375,-0.0073807,0.034209,-0.061849,-0.036862,0.1143,0.013516,-0.12317,-0.018224,0.08352,-0.029748,0.10575,-0.0046038,0.098125,-0.038031,0.014233,0.0025596,-0.045368,0.072917
-0.044225,0.0024241,-0.10116,0.087107,-0.077289,0.054914,-0.027576,-0.11888,0.01634,0.037911,-0.055776,0.12313,0.12841,-0.039005,-0.14033,-0.1095,-0.011328,-0.016871,-0.077224,0.1238,-0.043894,0.022689,0.045385,-0.070769,0.054326,0.039375,0.013458,-0.051612,0.036153,-0.086556,0.04686,0.035732,-0.010729,-0.033371,0.070241,0.013276,0.003119,-0.011855,-0.023023,0.052137,0.054748,0.036107,-0.0053256,-0.12582,0.019409,-0.028036,0.028126,-0.0091883,0.070385,-0.038125,-0.026478,-0.15152,-0.03168,-0.025358,0.095238,-0.14378,-0.10026,-0.071349,0.036939,-0.11315,0.044653,0.045272,0.080731,0.002066,0.00020807,-0.13943,0.031849,7.9418e-05,-0.016554,-0.045305,-0.070957,0.011952,-0.10528,-0.092795,0.011528,-0.013219,0.050875,0.10286,-0.035121,-0.13831,-0.026394,0.0098366,0.023526,0.012052,-0.059375,-0.076809,-0.013664,0.055687,-0.011507,0.065096,0.039201,-0.005324,0.10263,0.084721,-0.044976,0.11745,-0.1197,0.014929,0.14782,0.016665
0.033303,0.068268,0.032446,-0.0046835,-0.045464,0.081683,-0.031166,-0.019661,-0.033525,0.0035611,-0.0059778,0.094665,0.011505,-0.05025,0.037787,0.022475,0.0032028,-0.027575,0.00066693,-0.036397,0.015474,-0.0044898,-0.091191,-0.077116,0.017413,0.060819,0.077999,0.0061551,0.039515,0.02423,-0.022962,0.087205,0.011224,-0.098659,-0.0012647,-0.046903,0.013609,-0.014326,-0.033501,-0.021363,0.023029,0.016916,0.14434,0.076259,0.10557,0.050253,-0.045646,0.13731,0.072299,0.010197,0.043458,-0.071424,-0.014087,0.008419,0.026039,-0.027867,0.027349,0.051,0.041614,0.052346,0.10563,-0.033052,-0.029052,0.027125,-0.026848,-0.068876,0.12882,0.080152,-0.040146,0.082359,0.033349,0.042203,-0.05136,0.054354,-0.011658,0.036601,-0.014705,-0.0078757,-0.12304,-0.055588,0.030525,0.10303,-0.038089,-0.12095,0.004532,0.00016338,-0.045019,-0.023934,-0.034061,0.0065566,-0.075153,0.030293,-0.024754,-0.026196,0.046679,0.085504,-0.0018128,-0.00016511,0.040175,0.054361
-0.092751,-0.0046867,0.066779,-0.081151,-0.04336,0.046337,-0.015018,-0.03609,-0.076186,-0.089254,-0.060693,-0.09914,0.00022646,-0.0095039,0.044113,0.1104,-0.070376,0.036622,-0.015271,-0.010173,-0.014695,0.015662,-0.098809,0.070578,0.13679,0.0086994,-0.031717,-0.095856,0.0079805,-0.05147,-0.10373,0.036625,0.034594,0.094786,0.062935,-0.038479,0.077767,0.037597,0.033253,0.063136,0.090144,-0.13324,-0.044214,0.0036574,-0.0049492,0.059919,0.027326,-0.0091381,-0.054751,-0.047698,0.017566,0.016211,0.031827,-0.11053,-0.018417,0.026366,0.046972,-0.038118,0.019456,0.096377,0.045059,0.07603,-0.077953,-0.014372,-0.033828,-0.039813,-0.043894,-0.032909,0.031151,-0.043919,0.020869,0.078633,-0.064399,0.047462,-0.015344,0.09158,0.094187,-0.087341,-0.054683,0.042677,-0.11192,0.08291,0.10172,0.043977,0.081294,-0.066534,-0.013933,0.069088,0.0042277,0.10783,-0.0056394,-0.026563,-0.033465,0.080363,0.042066,-0.092059,-0.10921,0.01329,-0.049433,-0.056522
-0.023,0.12786,-0.067767,0.0097105,-0.017479,-0.058037,-0.023323,0.07588,0.12401,-0.10078,0.012187,-0.031393,-0.060022,-0.023666,0.010294,0.068798,0.024461,0.036116,0.10106,0.066062,-0.048516,0.11208,0.1048,-0.0029081,0.020351,-2.322e-05,-0.086942,0.076654,-0.02472,0.016289,-0.07656,-0.080274,-0.10409,0.027823,-0.0073455,-0.026753,-0.0099013,-0.031621,-0.067595,-0.010256,0.019036,0.032676,0.034302,0.0018439,0.04639,0.056784,-0.0026658,-0.052609,0.023415,0.10956,0.016895,0.14472,-0.018851,0.032215,-0.090336,-0.00081554,0.049049,0.018521,-0.1046,-0.06413,-0.034014,-0.04827,0.072721,0.025807,-0.05826,0.022268,-0.040544,0.057611,-0.015136,0.0041901,-0.0072004,-0.076183,-0.015372,0.091313,0.0096703,0.033024,0.12809,0.01101,0.013792,0.091372,-0.045698,0.014539,-0.039904,0.030588,0.067503,-0.017626,0.064139,-0.029783,-0.02083,0.0056444,-0.090511,-0.020529,-0.027055,0.0032537,-0.035358,0.12982,-0.13679,-0.063583,-0.023602,0.03286
-0.036283,-0.085709,0.0014681,0.0996,-0.15515,0.040461,-0.036553,-0.03253,-0.04131,-0.053316,0.060414,-0.013015,-0.021412,-0.025088,-0.041215,-0.117,-0.01418,-0.0288,0.027097,-0.012877,0.15908,-0.17708,0.039367,-0.0023004,0.0093242,-0.054999,0.0069276,0.068703,0.0936,-0.0536,-0.095565,0.045791,-0.002778,-0.017733,0.010582,-0.06168,-0.033631,-0.043965,0.052004,0.0078575,-0.01923,0.052083,-0.027245,-0.029001,0.0059878,0.10849,-0.035228,-0.054845,-0.053464,0.03076,0.037475,-0.12843,0.036546,-0.069512,0.024726,0.15853,0.10426,-0.1113,-0.016455,0.043875,-0.01567,-0.056393,-0.06924,-0.018642,0.059796,0.042662,0.083505,0.058703,0.1075,0.029328,0.085118,0.073751,-0.0034493,-0.1136,-0.030421,-0.023515,-0.073625,0.093287,-0.048465,-0.0043409,-0.0093811,-0.071217,0.11744,-0.10776,-0.0095969,-0.054324,0.0043488,0.039079,0.15032,-0.045206,-0.01842,-0.022726,-0.0075993,0.056588,0.018277,0.086601,-0.087496,-0.016246,-0.009888,0.034903
0.046658,0.025762,-0.011182,-0.078042,-0.017141,-0.11572,0.10002,-0.076652,-0.056051,0.057837,0.02426,0.059129,0.07502,-0.017506,-0.068978,0.10089,0.083101,-0.01182,-0.014602,0.018327,0.038173,-0.082685,0.048464,0.01185,0.00094862,0.048968,-0.058142,0.038837,0.027922,0.054989,-0.054452,0.042558,-0.089267,-0.0095324,-0.10294,-0.0047294,0.011487,-0.010576,-0.027986,-0.073564,0.090599,0.11403,-0.035553,-0.0017308,0.19568,-0.026759,-0.0038721,0.045276,0.025554,-0.055328,-0.023261,-0.0014113,0.022778,-0.069153,0.041229,-0.034878,0.036156,-0.028962,-0.011788,0.036772,-0.14685,-0.012371,-0.035562,-0.013786,-0.054042,-0.013587,-0.035059,-0.13202,0.0021158,0.033438,-0.12925,-0.064458,0.078763,0.041804,0.012208,-0.071204,0.11089,0.041181,-0.047818,-0.0014788,-0.0047873,0.0076017,0.074115,0.065542,-0.13369,0.026378,0.020678,0.081603,0.039981,-0.005999,0.018022,-0.034949,-0.042236,-0.054845,-0.071077,-0.076698,0.016915,-0.10658,0.10219,-0.1359
0.040882,0.026462,-0.036986,0.013892,-0.10855,0.056351,-0.039607,0.084533,0.0070473,0.023875,-0.049438,0.031768,0.0034191,-0.056941,-0.097451,-0.05711,0.022475,-0.056264,-0.034242,-0.037845,-0.041036,-0.033648,0.068283,0.10915,0.024941,-0.089715,-0.031172,-0.065523,0.043482,0.021497,0.071188,-0.085661,-0.078797,-0.0010926,-0.069821,-0.032116,0.04407,0.09818,-0.034111,0.082908,0.017708,-0.090705,0.1085,-0.00039456,0.067885,-0.067807,0.055815,0.0653,0.013947,0.03962,0.051021,-0.0064884,-0.014039,0.0028028,-0.021408,-0.03485,-0.046487,-0.030009,-0.024537,-0.015988,0.019144,-0.091583,0.09125,-0.080064,0.054788,-0.049646,-0.086394,-0.037745,0.068678,0.0010901,0.029513,0.13361,0.011359,-0.10248,-0.03491,-0.078677,-0.073137,0.017306,-0.0090771,0.0019896,-0.015537,-0.033601,0.0047104,0.05225,-0.012423,-0.051206,0.086898,0.069973,0.01313,-0.068282,0.18744,0.025305,0.063966,-0.034766,0.0095993,-0.0076615,0.025677,-0.022486,-0.035739,0.13449
0.020004,0.0019087,0.022343,0.021007,0.11738,-0.02679,0.173,-0.020063,-0.016263,0.045734,0.038956,-0.020305,0.016354,-0.048487,-0.038246,0.038284,-0.050675,-0.023884,0.011718,-0.023012,0.073915,0.040043,0.0071524,-0.0053916,-0.068884,-0.020577,-0.010534,0.083969,0.064117,0.074194,-0.010154,0.0060423,-0.025108,-0.024832,-0.036578,0.045098,0.026156,0.13507,0.096309,0.050741,0.12276,0.086389,0.0034436,-0.050023,-0.055868,-0.1515,0.049933,-0.039834,0.11336,0.020899,-0.055442,0.090499,-0.0078887,0.0012759,-0.0038784,0.0056568,-0.033697,-0.093914,0.021909,0.036987,0.047693,-0.014693,-0.015422,0.036827,0.030438,0.0066475,0.043943,0.060075,0.0018149,-0.0030986,-0.09937,-0.061123,-0.0034898,-0.0077762,0.013722,0.021499,-0.015494,-0.018714,-0.079005,-0.02227,-0.010056,0.018164,0.048414,-0.040664,-0.035424,0.10121,-0.028273,-2.2315e-05,0.067695,-0.047311,0.065525,-0.00045444,-0.072616,-0.070604,0.0021695,-0.036319,0.014267,0.032048,0.039929,0.05972
0.010255,0.026039,-0.057621,0.031728,0.03977,0.016594,0.067881,0.0063576,0.0060542,0.031037,0.036638,-0.025264,0.022133,-0.053485,0.014759,-0.046909,0.058704,-0.00048742,0.0062368,-0.013921,0.022619,0.052991,0.05942,-0.14829,-0.0026675,-0.081696,0.027556,-0.0030985,0.025994,0.10451,-0.047749,0.046284,-0.021481,0.032309,-0.037772,-0.038603,0.036582,-0.066273,0.011966,-0.063278,0.10205,-0.036018,0.022237,0.033089,-0.066163,0.013314,-0.035462,0.037175,0.06994,0.056971,0.022014,0.017702,0.039407,-0.036523,0.053729,0.029178,-0.07492,0.022628,-0.026849,-0.027632,0.073352,-0.016533,0.0086079,0.0017701,-0.030771,0.068397,-0.0046736,0.12612,-0.018603,-0.042381,-0.026207,-0.054487,0.0030181,-0.014258,-0.070532,-0.014086,-0.094203,-0.051485,-0.045437,-0.019979,-0.092432,0.051746,-0.065505,0.0010677,0.063118,0.074702,-0.038017,-0.034434,0.059008,0.032387,0.0064847,0.0078838,-0.065045,-0.043506,0.07072,0.043482,-0.18662,0.0057974,0.0023283,-0.0059545
-0.0554,0.095908,0.00096806,0.079726,-0.0054009,-0.05365,0.016797,0.10108,0.059128,0.058405,-0.057549,-0.04716,0.02864,0.004161,-0.034979,0.056963,0.072314,0.040066,0.076978,0.0045016,-0.010828,-0.13204,0.0735,0.013914,-0.021107,-0.1575,0.069683,-0.075758,0.060242,0.056659,-0.025237,-0.027486,0.14139,0.060037,-0.068532,0.031155,-0.0084966,-0.063818,-0.029134,-0.07896,-0.12694,-0.00023252,-0.056762,0.1013,0.063206,0.023169,-0.026146,-0.058587,-0.035973,-0.050341,-0.008073,-0.037681,-0.023846,0.029243,-0.0071432,0.001995,-0.11306,0.07141,0.062801,-0.010737,-0.00021207,-0.11744,-0.023069,-0.03524,-0.0041808,-0.014779,0.0046553,-0.015657,-0.09199,-0.07512,-0.012769,-0.033203,-0.10454,-0.01552,0.13622,0.056453,0.072887,0.097926,-0.017719,-0.026262,-0.11636,0.0013871,-0.033625,0.077978,0.017451,-0.0061187,0.10648,0.0083383,0.025,-0.06379,0.05455,-0.036286,0.01537,0.0097455,0.0071176,-0.049672,0.011157,-0.056947,0.0075119,0.015455
0.017615,-0.024753,-0.13882,-0.07685,0.098073,-0.089691,0.018655,-0.07873,-0.042536,0.031241,0.033683,-0.006965,0.13161,0.069152,0.059956,0.0041904,0.01547,-0.11482,0.08877,-0.015995,-0.058774,0.04919,-0.035323,-0.0045548,0.12965,0.015567,0.06753,0.023069,-0.056865,0.007341,-0.099127,0.04202,0.024668,0.00035694,-0.10669,-0.0046513,-0.081436,0.0023494,0.0014009,0.080074,-0.029713,-0.075854,0.020882,-0.055545,0.11658,0.011085,0.051046,0.10588,0.063111,-0.044347,0.018433,-0.086599,0.035604,0.055816,0.030858,-0.093449,-0.081858,0.10837,-0.086697,0.047781,-0.037294,-0.027057,-0.10248,0.00045949,-0.0030995,-0.0044898,0.13724,0.05452,0.027715,0.035673,0.021812,-0.059223,-0.0064033,0.095727,-0.07499,0.0021192,0.047584,-0.01452,0.17893,0.095351,0.018018,-0.004948,-0.075027,0.056652,-0.049412,-0.012685,0.079342,0.027791,-0.022992,-0.11696,0.039808,0.11906,-0.022223,-0.0097839,0.086243,0.044783,0.01276,0.048442,-0.054533,-0.03736
0.032243,-0.084382,0.049314,-0.080982,-0.024047,0.014392,-0.016054,-0.032641,-0.12157,-0.076538,-0.12482,0.099536,0.05942,0.10024,-0.0052782,-0.0014167,0.0066848,0.11971,0.020372,0.028588,-0.064908,-0.055929,-0.057147,-0.075975,0.075537,-0.10075,0.077533,0.079829,0.0047312,0.033517,0.043453,0.048874,0.014124,-0.017682,-0.14327,0.014752,-0.0050287,0.025934,-0.032126,0.0075179,-0.13339,-0.045124,-0.085179,-0.0040435,0.035801,-0.029678,-0.011981,0.038395,0.017765,-0.063547,0.0072478,-0.044534,-0.026699,0.025255,0.060198,0.055246,-0.0027199,0.022361,-0.059275,0.0365,-0.031137,0.069552,-0.060035,-0.080093,-0.023578,-0.0034889,-0.044852,0.074678,-0.025036,-0.020713,-0.0099026,-0.028903,0.10205,0.038007,0.066927,-0.022735,0.080351,-0.03359,0.026589,-0.10106,0.10038,-0.065708,0.039025,0.066749,0.024476,0.0093117,-0.056682,0.0090132,-0.11419,-0.086757,-0.024575,0.055747,0.01427,-0.050759,-0.056307,0.029155,0.0082782,-0.064635,0.0018139,0.046457
0.053851,0.043192,0.090256,0.0056329,0.034996,0.019574,-0.0022445,-0.056829,-0.022419,-0.038037,0.062388,0.088438,0.021144,0.034329,-0.02781,-0.0074802,-0.0061482,0.099751,0.066089,-0.004289,-0.077528,0.024653,-0.017049,-0.096788,-0.022262,0.0091487,0.098906,-0.030859,-0.0020422,0.01282,-0.0079542,0.050664,-0.037735,0.02004,0.052468,-0.034569,0.010744,-0.0098673,-0.0018955,-0.076624,-0.063305,0.017045,-0.080415,0.02478,0.0078222,0.086621,0.07257,0.033304,-0.071573,-0.038839,-0.024001,0.078853,0.12816,0.035402,0.098622,-0.0055053,-0.0095195,0.087964,-0.036272,-0.044601,0.11362,-0.051255,0.104,0.01848,0.059091,0.062225,0.024482,0.053155,0.008498,-0.078361,-0.0099119,-0.0025892,0.031038,0.011,-0.044738,-0.073217,-0.0036289,0.013921,-0.0090743,0.029347,0.0020548,0.048883,0.033167,-0.033324,-0.049929,0.025461,0.046847,0.063915,0.088003,0.0088176,-0.061409,0.042258,-0.0068855,0.080043,-0.1913,-0.0511,0.068052,-0.10321,0.0011724,-0.047342
-0.014199,-0.040136,-0.080175,-0.019651,-0.023777,0.006408,-0.00091461,0.066758,0.023957,-0.018628,0.027443,0.0097586,0.022388,-0.11003,-0.027573,-0.024642,-0.11844,0.054692,-0.023567,-0.011183,0.042764,-0.011271,-0.038852,-0.078283,0.043205,0.10451,-0.080606,0.061988,-0.0056074,-0.021907,-0.10082,0.09022,0.018392,-0.028898,0.026372,-0.034144,0.0069615,0.030109,-0.0076485,0.064278,0.043018,-0.04551,0.01097,-0.068754,-0.084096,-0.061614,-0.078293,0.0093963,0.0023904,0.051508,-0.15357,0.042793,-0.035328,-0.016786,0.05008,-0.029765,-0.0043679,-0.058602,0.034667,-0.059238,0.015587,0.094599,-0.011314,0.012736,0.061218,0.051068,-0.11556,0.0021613,0.035188,0.056468,0.035848,-0.056455,0.17794,0.032878,-0.10365,0.056837,-0.08803,-0.0081714,-0.060131,0.014184,0.022032,0.037555,-0.03239,0.0015116,0.078908,0.037681,0.041642,0.075569,-0.072104,0.070584,-0.14106,-0.0071423,-0.063902,-0.022069,0.1023,0.0092685,0.028056,0.057694,0.051665,-0.035127
0.076054,0.033737,0.16416,0.005405,-0.059823,0.10353,0.065597,-0.10974,-0.058919,-0.02524,-0.094566,0.050885,0.02041,-0.073622,0.017899,-0.036102,-0.0087261,-0.025658,0.049096,-0.029645,-0.054626,-0.050072,-0.038517,-0.045623,-0.1211,-0.092533,0.034552,0.032946,0.067203,-0.098113,0.04685,-0.11854,0.017353,0.0052657,0.069389,-0.069446,0.01085,0.014043,0.045472,0.0085898,-0.015536,-0.10471,-0.034576,-0.097855,0.042098,0.155,0.030066,0.03809,-0.041788,0.10842,-0.028713,-0.019593,-0.0095059,-0.0075638,0.021853,-0.093947,0.02473,-0.10394,-0.029089,-0.0489,0.050027,-0.05686,0.016322,-0.02642,-0.022637,-0.080102,0.061172,0.029112,0.068803,-0.066617,-0.092561,0.090229,0.048642,-0.043854,-0.060536,0.12732,-0.063508,-0.045777,0.068422,0.025043,-0.057906,-0.017109,-0.022515,0.0048823,0.057934,-0.053169,0.074584,-0.084041,-0.10888,-0.033316,0.021738,0.022296,0.018714,0.0066791,0.05745,-0.05144,0.12362,-0.072777,0.091466,-0.020397
0.076714,0.017916,-0.028665,0.030915,0.014643,-0.025201,-0.010794,-0.0015261,-0.084625,0.16273,-0.045819,0.054325,0.037582,0.01958,0.093924,-0.016316,0.028676,0.043802,-0.011201,0.0986,-0.019301,-0.010546,-0.15712,0.12453,0.068793,0.021548,0.017408,-0.1115,-0.00014601,-0.07844,0.10427,-0.11937,-0.031098,-0.079743,0.063826,0.028475,-0.05158,0.03019,0.0125,0.032326,0.048055,0.052033,0.055367,-0.054201,-0.022703,0.0062388,0.017416,-0.11402,0.025924,0.079452,-0.026884,-0.096973,-0.031143,0.0054928,-0.049263,0.0032688,-0.02076,-0.0042616,-0.031692,0.10098,0.060102,-0.019777,0.048769,-0.058451,0.0053898,-0.046536,0.084582,-0.011096,-0.0031111,0.081288,0.069499,-0.11495,-0.055207,-0.1509,-0.016969,0.10427,-0.0080518,0.064153,-0.013556,-0.035887,-0.081286,-0.077917,0.033673,0.065296,0.031069,0.048055,-0.014248,0.019622,-0.020706,-0.033149,-0.0047887,-0.0041484,-0.0084039,-0.078068,0.068363,-0.079521,0.038748,-0.036463,0.076909,-0.11767
0.056209,0.063656,0.032039,-0.021984,-0.13598,0.099833,0.024748,0.02588,0.0035368,-0.16051,-0.072028,-0.050525,0.053757,-0.040182,0.031645,0.03024,-0.024284,0.056699,-0.084366,-0.099598,0.056383,0.067392,-0.00060577,-0.0091384,-0.016657,-0.016561,-0.13621,-0.0071265,-0.065413,-0.079869,-0.046736,-0.011744,-0.097137,0.023408,-0.055127,-0.051917,-0.024726,-0.076528,-0.017906,-0.020449,-0.05081,-0.031811,-0.046909,-0.019253,0.0059043,-0.016853,0.048601,0.036703,0.0013932,-0.051398,0.0005011,0.080462,0.059608,-0.072683,-0.094506,0.098206,-0.049005,-0.025436,0.0056775,0.094641,-0.01614,-0.015985,-0.080512,-0.027413,0.041259,0.053471,0.0027067,-0.077741,-0.10216,0.0051245,-0.072378,0.014321,-0.060774,-0.045344,-0.0061396,-0.034815,-0.024002,0.014471,-0.035845,0.0050348,-0.031832,0.05536,-0.063219,0.074163,0.010838,-0.023146,-0.01007,-0.089638,-0.14074,0.04948,0.091119,0.035299,0.03476,-0.0093274,-0.041299,-0.071739,-0.04945,0.041822,0.026219,0.013831
-0.045308,0.01537,0.0016495,0.10467,0.084709,0.04102,0.032092,0.025729,-0.019195,0.042513,-0.031141,-0.052784,0.025823,0.04158,0.04733,-0.088185,-0.04316,0.0791,-0.035469,-0.0024936,0.05099,-0.051413,-0.036275,-0.011003,-0.075059,-0.059711,0.07251,0.062335,0.018701,-0.034069,0.040442,-0.030573,0.0058518,0.045388,0.061358,-0.13474,-0.022018,-0.01803,-0.074491,-0.04386,0.029518,0.043377,0.060955,0.026109,0.050639,0.063466,0.028256,-0.025984,-0.062877,-0.039985,-0.058157,-0.029315,-0.068386,0.025693,0.024008,0.092155,0.0085454,0.020746,-0.071794,0.13248,-0.045914,0.020689,-0.0082387,-0.11306,0.05955,0.053353,-0.024882,-0.074024,-0.079705,-0.082893,0.041432,0.047128,0.12549,-0.077091,-0.059405,-0.03023,0.095824,0.056802,-0.030941,0.063493,-0.027868,-0.053921,-0.015272,0.062882,0.01104,-0.044914,0.1706,0.069991,-0.1053,2.0337e-05,-0.085964,-0.048905,-0.04679,0.031346,-0.071139,0.091239,0.06275,-0.10249,0.031324,-0.053978
0.02559,0.07121,0.047624,0.031365,0.037525,-0.047736,0.0023094,-0.027805,0.034304,0.00026801,0.10996,-0.067652,-0.047308,0.01434,-0.12898,-0.031876,-0.07395,-0.021047,0.051109,0.039899,-0.01195,0.060898,-0.052713,-0.0066532,0.095225,0.054173,-0.041337,-0.02859,0.038557,-0.083885,0.042212,0.0031421,-0.058779,0.075506,-0.059813,0.045279,-0.019165,0.09305,-0.050415,0.037324,-0.014527,-0.075832,-0.011637,-0.14531,-0.1131,0.000509,0.049898,-0.10242,0.048307,-0.01297,-0.041201,0.035642,0.03656,-0.067947,0.061574,-0.0029736,0.091847,0.066561,0.0386,-0.012421,0.13477,-0.053734,-0.0057225,-0.098056,-0.052256,-0.010634,0.043287,-0.061141,-0.035143,0.041728,0.053831,-0.12885,0.07328,0.061929,-0.081152,-0.072572,0.010582,-0.071138,0.0044914,0.0011468,-0.095877,-0.061244,-0.037417,-0.017948,-0.122,0.019902,0.088188,-0.070263,-0.11177,-0.070508,-0.079266,-0.083173,0.03976,-0.055135,-0.044503,-0.053696,0.080795,-0.029686,-0.012024,-0.05977
-0.073456,0.046419,-0.057236,0.088415,-0.0159,-0.041262,-0.012705,-0.040391,0.012224,0.0033142,0.058506,0.046614,0.1093,0.048967,0.093425,0.023141,-0.075804,-0.010218,0.051243,0.014682,0.023061,0.013092,0.047651,-0.049937,0.001186,0.10554,-0.020849,0.065912,0.02474,0.035663,0.029308,-0.080431,-0.045451,0.08938,0.046936,-0.09726,-0.035454,-0.026708,0.079172,0.019647,-0.01744,0.0040585,-0.039431,0.046716,0.007446,0.076841,-0.044609,0.039982,0.039627,-0.030592,-0.042549,0.038233,-0.10217,0.01271,0.041293,-0.0035412,0.033552,0.025334,0.096221,-0.051906,-0.027984,-0.017989,0.017359,-0.063861,-0.086585,-0.039228,-0.012273,0.13937,0.0018338,-0.019931,-0.0090476,0.016371,-0.090762,-0.0355,0.11596,-0.011821,-0.056204,0.010907,0.075393,-0.053943,-0.060477,0.049507,-0.013423,-0.0075413,-0.028005,0.012625,-0.00059597,0.053364,0.016029,-0.033746,-0.028186,0.069723,0.082059,0.013829,-0.009564,0.044667,-0.02933,-0.036608,-0.0081104,0.028769
0.03238,-0.054084,0.074213,0.012163,-6.7513e-05,-0.094633,0.042914,0.00021376,0.042824,-0.0044176,0.075308,-0.02,0.053725,0.011985,0.023858,8.0027e-05,-0.066114,0.12047,0.02593,-0.070979,0.12866,0.011773,-0.033546,0.093957,-0.045689,-0.028167,-0.035569,-0.099163,-0.0062375,0.014096,-0.0093699,0.1279,-0.088591,0.039935,-0.022553,-0.016549,-0.042036,-0.035867,0.094655,0.070731,0.061223,0.048999,-0.022743,-0.089493,-0.10205,0.097949,0.088987,0.0056491,0.0054948,0.067908,0.0023621,0.058214,0.019232,0.011055,0.02963,0.094935,0.0911,-0.18926,-0.021451,-0.021752,-0.081976,-0.011135,0.034751,0.013129,-0.061679,-0.053085,0.046728,-0.0046618,-0.026339,-0.069939,0.050172,-0.055702,-0.15652,-0.09487,0.014703,-0.09879,-6.8019e-05,0.061961,0.10388,-0.13186,0.015485,0.035733,-0.0090008,-0.090219,0.041632,0.0074833,-0.017435,0.11996,-0.042376,-0.10624,-0.076227,-0.10871,-0.047266,-0.0082633,0.010326,-0.056119,0.078231,-0.028437,-0.0017145,0.055914
0.010736,0.077059,0.066153,-0.11436,0.016131,0.10124,-0.016563,-0.065602,0.016958,0.04152,0.10098,0.035758,0.01407,0.081848,0.04604,0.10636,-0.046992,0.030041,-0.05793,-0.014552,0.023349,0.019252,-0.046157,0.01758,0.06408,0.01351,-0.050935,0.12566,-0.03206,-0.10194,0.056124,0.00064972,-0.068113,0.090188,0.0277,0.0099432,0.067583,0.030825,-0.062197,-0.057939,-0.056969,-0.077807,0.10153,-0.027642,0.04489,-0.078007,0.014736,-0.063321,0.06564,-0.039414,0.015281,-0.0027236,-0.039937,0.065463,-0.0035022,-0.072579,-0.032791,0.0070788,-0.056302,-0.019335,-0.05182,0.055035,-0.027411,0.034612,0.13336,0.071368,-0.06898,0.063471,0.046457,-0.13113,-0.04827,0.029453,-0.064752,-0.10572,0.041326,-0.08219,-0.086227,-0.030494,0.027039,0.029917,-0.032027,-0.0020871,-0.046318,-0.014489,-0.042063,-0.02793,-0.026381,0.053122,0.0016752,-0.043156,-0.040189,0.069974,0.090637,-0.055181,-0.023295,-0.019119,0.088508,-0.013356,-0.0071079,0.068942
-0.017206,-0.045668,-0.068538,-0.0071958,0.089094,0.050012,-0.033662,-0.022682,-0.11112,-0.005166,0.014751,0.1067,-0.1043,-0.062398,-0.10548,-0.035587,0.019473,-0.099826,0.046951,-0.058848,0.067852,-0.031649,0.0384,0.01357,0.058716,-0.026715,-0.012576,0.0078717,0.011521,-0.11849,-0.043765,-0.052337,-0.0026915,0.046846,0.0051885,-0.10783,0.071985,0.080596,0.073002,0.098951,-0.029401,0.015713,0.042614,-0.020696,-0.026612,0.04636,0.051595,-0.018695,-0.054476,0.023697,-0.0072723,0.12363,0.1051,-0.06587,-0.0032966,-0.081762,-0.056191,0.037464,-0.011903,-0.014677,0.030021,-0.10636,-0.027878,0.05328,-0.011983,0.0098239,-0.075604,0.034475,0.071536,0.077585,-0.04639,-0.0060709,0.089763,0.014449,-0.087479,0.038919,-0.073474,0.087542,0.13001,0.079437,-0.041102,-0.030845,-0.033212,-0.05375,-0.092256,0.059204,-0.0016407,-0.048413,0.012984,0.056797,-0.14795,-0.0068489,0.016709,0.054797,0.066054,-0.04603,-0.039794,-0.25492,0.021518,-0.035237
-0.039069,0.053048,0.039047,-0.0029697,0.002071,-0.039605,0.044378,0.015024,-0.011379,0.032872,0.019952,0.070472,0.029873,0.075815,0.068369,-0.03642,0.12556,0.040476,-0.02408,0.10667,-0.086107,-0.0029723,-0.0034156,-0.066186,-0.037986,0.072396,0.14468,0.01171,-0.059392,-0.022145,0.0033166,0.023304,0.004466,0.034677,0.05734,0.0079538,-0.03306,0.024383,-0.077912,0.047289,0.098527,-0.025158,0.065921,-0.049249,-0.015055,0.015197,-0.041761,0.057797,-0.035978,-0.011437,0.056992,0.0044982,-0.026687,-0.030123,0.092911,0.017059,0.039555,0.0034594,0.047667,0.09274,0.043089,0.04837,-0.086727,0.014739,-0.053845,0.0050971,-0.099768,-0.0075644,0.022307,0.040279,0.060561,0.02437,-0.014251,-0.028874,-0.050038,0.05726,-0.027282,-0.034213,-0.079353,0.00322,0.025404,-0.0033243,-0.035583,0.041665,0.027838,-0.014418,-0.073633,0.12098,-0.039754,0.014035,0.060428,-0.022115,0.073786,0.012815,-0.020933,0.013297,0.088241,-0.049295,0.044134,0.085873
-0.029732,0.021258,0.024724,0.10364,-0.10862,-0.0036543,-0.080488,-0.20151,-0.04191,-0.010079,-0.00042173,-0.026684,0.020455,-0.020436,-0.080823,0.10373,0.081971,0.034302,0.01099,0.10577,0.026732,-0.013519,0.032244,-0.022594,0.046876,0.0065633,-0.026424,0.043769,0.070134,0.039814,-0.025542,-0.075283,0.066166,-0.0075731,-0.003417,0.0031763,-0.023123,0.016923,-0.086811,0.048665,0.12009,-0.077556,0.085726,-0.085442,-0.0602,0.06614,0.073575,-0.017801,0.010347,0.039638,0.052823,0.052836,0.014065,0.058467,0.050094,0.089046,-0.023739,0.11643,0.081444,-0.021999,-0.055908,-0.013015,-0.049635,-0.057706,-0.024384,-0.063804,0.0049452,-0.0067151,-0.013977,-0.066563,-0.026902,-0.019308,-0.030325,0.025999,-0.053209,-0.0027459,0.016981,-0.043243,-0.038907,-0.012333,-0.018314,0.037072,-0.018918,-0.048413,0.0072521,-0.068809,-0.082618,0.064488,-0.055972,-0.1208,-0.012826,0.059216,-0.023265,-0.053043,0.011265,-0.0033252,0.0018138,0.028846,0.030472,-0.013385
-0.10345,-0.018126,-0.028713,0.0077956,0.052877,-0.0014353,-0.021159,0.053381,0.074579,-0.11255,0.16473,-0.092205,0.03059,0.085808,0.091845,0.068364,0.086272,0.046752,-0.04931,-0.0061712,0.05885,-0.047148,-0.0028867,-0.0042917,-0.032877,0.012988,0.0062561,-0.0084374,-0.02913,-0.027439,0.0059855,0.032092,-0.039417,0.0052891,-0.088885,0.015574,-0.064686,-0.034143,0.038933,-0.097287,0.061352,0.050535,0.12376,0.07105,-0.023703,-0.10488,-0.00080177,-0.026634,0.00010333,-0.02042,-0.090452,0.00050571,-0.0087207,0.053882,0.016825,0.065665,-0.016935,0.0071531,-0.051873,-0.012201,0.038863,0.054292,0.093389,-0.073092,0.029315,0.064033,-0.0033062,0.038016,-0.06385,-0.053332,0.028066,-0.041945,0.020417,-0.058366,0.078328,0.025402,-0.0053134,-0.036175,0.065943,0.048917,-0.0013943,-0.0010714,-0.021962,-0.0092058,-0.08974,-0.076739,0.038114,0.0016177,0.14756,-0.06937,-0.01123,-0.045151,0.12073,-0.023237,-0.1251,0.0030422,-0.014815,0.057433,0.071961,0.013957
-0.07878,-0.018868,-0.15081,-0.11808,-0.022561,-0.046046,-0.035612,0.030127,-0.022411,-0.023901,0.024945,0.052691,-0.099764,-0.078055,-0.035892,0.044754,0.072599,0.00013944,0.024143,0.020985,-0.060713,-0.065372,-0.10289,-0.012006,0.0036075,0.073757,0.044293,-0.040598,0.0093285,-0.088875,0.019163,-0.018222,-0.10661,-0.041119,0.041099,-0.053759,-0.01068,0.022921,-0.042542,0.056818,-0.025887,0.16516,0.068892,0.005734,-0.050643,0.068069,-0.088896,-0.084597,0.029283,0.035054,0.080344,-0.092472,-0.038084,-0.080912,0.014116,0.016769,-0.039988,0.11097,-0.023582,-0.062763,0.017248,-0.017989,0.029233,-0.015416,0.043362,-0.068233,0.010302,0.0071781,0.038577,0.024323,0.096372,0.12903,-0.065566,0.024033,-0.033999,0.072414,0.060855,-0.028367,0.051079,0.094384,-0.055128,0.060639,-0.022568,-0.07277,0.044184,-0.11961,-0.085427,-0.034074,0.041023,-0.063882,-0.051922,0.04683,0.025625,0.019292,0.02509,0.13621,-0.083507,0.11322,0.026775,-0.078754
-0.071833,-0.061874,0.028363,0.02642,0.053008,-0.018376,-0.0086203,-0.022111,-0.070358,0.005882,-0.033694,0.02457,-0.026277,0.041192,0.03872,-0.097612,0.048137,0.046857,0.042725,-0.0353,-0.084914,0.01998,0.0024545,-0.02907,-0.10878,0.0554,0.0053804,0.040223,0.046126,-0.088483,-0.019167,-0.056262,0.011246,-0.076971,0.041976,-0.090872,0.070285,0.065303,0.0099594,0.085694,-0.15152,-0.044416,0.021012,0.061683,0.00073649,0.024093,0.0010585,-0.030073,-0.0071295,-0.050933,0.0007759,-0.045564,-0.054071,0.034945,0.0008894,-0.018845,-0.027521,0.045154,0.023268,-0.071655,0.038993,-0.028373,0.03695,-0.092013,-0.068917,0.094669,0.030501,-0.016338,-0.083642,-0.11952,0.09025,0.030839,0.084299,0.059363,0.10608,-0.00039846,0.060215,0.00056249,0.027314,0.014993,-0.14717,-0.026363,-0.042719,-0.094854,-0.043499,0.022457,-0.073657,-0.033656,0.080973,0.00059838,-0.0041245,0.05847,0.0192,-0.11348,0.020058,-0.13282,-0.04442,-0.08657,-0.067343,0.14429
-0.034657,-0.035057,0.057844,-0.036582,0.010568,0.028684,0.040661,-0.14232,-0.044993,0.050214,-0.069001,0.0078039,0.037618,-0.054725,-0.067157,-0.019046,0.07266,0.006458,0.016721,0.029029,-0.096429,0.032202,0.0024436,0.04442,-0.044745,-0.038823,-0.02359,0.075745,-0.078658,0.055638,-0.074552,-0.011618,0.029395,0.011563,0.021273,0.061862,0.090425,0.10541,0.029351,-0.06976,-0.069275,0.06581,-0.021741,0.028534,-0.036968,0.10113,-0.063622,0.018411,0.06509,-0.04661,0.034096,-0.022722,-0.042119,0.06417,0.14123,-0.017273,0.05762,0.049495,-0.029558,-0.0624,0.073757,-0.10883,-0.092799,-0.011037,0.033362,-0.11424,0.036894,-0.04055,0.040788,0.090987,-0.0010529,-0.16649,-0.016127,-0.035027,-0.058798,0.011641,-0.062525,-0.023128,-0.038211,-0.13041,-0.11296,-0.032057,-0.099985,0.024942,0.070748,0.036121,0.042053,0.017221,0.018282,-0.081808,0.048024,0.003372,-0.082415,-0.04561,-0.026136,-0.021161,-0.1072,-0.086116,-0.0001402,0.14689
0.021433,-0.018212,0.079077,-0.04521,-0.027896,-0.048221,0.047246,-0.020655,-0.027618,-0.083304,0.034385,0.062379,0.041476,-0.072911,0.013289,0.02921,-0.024982,0.066589,0.018698,-0.039125,-0.065543,-0.041144,0.0057174,0.037968,0.011219,-0.061539,-0.0025303,-0.056335,0.020527,0.002337,0.03216,-0.014197,-0.019992,0.067867,-0.038712,-0.010282,-0.0055804,-0.022144,-0.065022,0.11735,-0.035633,-0.01153,0.072993,-0.0092348,-0.052474,-0.1251,-0.096226,-0.019859,0.11852,-0.02653,0.019164,0.032656,0.064977,0.055019,0.063708,-0.076654,0.02934,0.0093429,0.035507,0.057145,0.005297,0.14436,-0.049729,-0.037882,-0.030895,0.065795,-0.02996,-0.052775,0.026791,0.18679,0.10598,-0.018016,0.011214,0.10797,0.02154,0.064442,0.011946,0.16183,0.012503,0.047185,0.038812,-0.18199,0.0031668,-0.05514,0.023922,-0.1013,-0.040087,0.097591,-0.001009,0.037047,-0.058277,-0.053913,0.058311,0.012663,-0.038989,-0.015689,-0.012616,-0.078084,-0.023217,-0.043068
-0.11097,0.027222,0.0043274,0.0048474,0.090829,0.046478,0.017183,-0.12296,-0.015369,-0.053254,0.0029782,0.015887,0.095384,-0.035657,-0.052133,0.053554,-0.01459,0.019079,0.089883,0.082433,0.086726,-0.037966,-0.0058841,-0.080662,0.053507,0.094836,0.034091,0.041788,0.024632,0.024824,-0.029497,0.036958,-0.0046787,-0.021687,0.000575,-0.074828,0.03031,-0.041933,-0.04433,0.017783,-0.0035016,0.0064155,-0.088713,-0.12493,0.051179,-0.0011118,0.0002515,-0.036779,0.038097,-0.0069153,-0.063372,-0.055888,-0.0181,0.042009,-0.035207,-0.030788,0.017341,0.080506,-0.00020345,0.0072272,0.081472,-0.044294,-0.081404,0.034761,0.10653,-0.01511,0.015069,0.079556,-0.02454,0.031761,0.004584,-0.0052445,-0.046381,-0.099299,0.051052,0.040054,-0.041273,-0.045276,0.026633,0.025445,0.053318,0.042045,0.047183,0.033358,0.010545,-0.057846,0.05107,0.030845,-0.019085,0.022282,0.00040262,0.015307,0.07493,0.011493,-0.018922,-0.068043,0.11316,-0.033682,0.072352,0.047556
-0.0029137,0.1348,0.034664,0.011029,-0.072309,0.068116,-0.076645,-0.0671,-0.14279,0.10011,0.0048458,0.066926,-0.006626,-0.039396,-0.078802,-0.023082,0.054949,0.014913,-0.00322,-0.017951,0.080671,-0.0015769,0.028004,0.055317,-0.019753,-0.016385,0.072248,0.038489,0.060639,-0.041882,0.0043293,-0.012309,0.098773,0.093578,-0.033046,-0.065304,-0.086282,0.04848,-0.018583,-0.080215,-0.016732,0.020259,0.050669,-0.015499,-0.047404,-0.005645,0.027497,-0.035395,0.0042487,0.063153,0.021408,0.0025315,0.027396,-0.01682,0.094731,0.020955,0.061386,-0.0075967,-0.0071383,-0.075502,0.010231,0.11096,0.051663,-0.012295,0.0081647,0.094794,0.0042433,0.024795,0.005909,0.043485,0.025236,-0.084845,0.034142,0.097275,0.13154,0.012347,0.046774,0.021062,0.11119,-0.0036901,0.037984,0.099445,-0.073674,-0.072186,-0.011769,0.051695,0.020694,-0.031535,-0.14103,-0.02954,0.079082,0.035142,-0.043449,0.019351,-0.083032,-0.064827,0.0075409,0.075092,0.05355,-0.14654
-0.090475,-0.076209,-0.062815,0.012673,-0.032799,0.14729,-0.02266,-0.016505,0.037661,-0.0074793,0.093407,0.052455,-0.040707,-0.022729,0.075088,0.01606,-0.024038,0.0062296,-0.063858,0.10377,-0.0079486,-0.031345,-0.023789,-0.03591,0.040196,-0.11567,0.037767,-0.0074104,0.097888,-0.01202,0.02405,0.00093607,-0.02924,-0.0061694,-0.0077924,0.015342,0.070865,-0.026645,-0.065941,0.054071,-0.062,-0.011242,0.07673,-0.06134,0.017675,0.01303,-0.1206,0.057967,0.093796,0.015222,0.046911,0.078421,0.0089417,-0.067764,-0.074069,0.10215,-0.042402,-0.04143,0.052664,0.025657,-0.053177,0.0034609,-0.026826,-0.021951,-0.012254,0.10527,-0.013251,0.0088331,-0.010841,-0.057446,-0.0073139,-0.00092782,0.069567,0.065892,-0.048526,-0.0060386,-0.11513,0.04551,0.12431,-0.034141,-0.10142,-0.047647,0.016182,-0.038667,0.034318,-0.023812,-0.11565,-0.027585,-0.017499,-0.061388,-0.035027,-0.045657,-0.048263,-0.025942,0.014261,-0.0064167,-0.032254,0.020484,-0.10593,0.012551
0.0021744,0.11244,-0.028723,0.009065,-0.040619,0.010561,-0.0079984,0.091455,0.007554,-0.0064898,0.022051,-0.048278,-0.00098373,0.043511,0.061101,0.030515,0.042083,-0.046616,0.026639,0.10775,-0.077496,0.062492,-0.039511,-0.043635,-0.0029534,-0.037309,0.10657,0.047444,0.095883,0.07354,0.0087939,0.06891,-0.10145,-0.011449,0.029575,0.00020293,0.066917,0.025357,-0.005305,0.044021,0.14605,-0.07737,-0.001104,0.049524,-0.0042012,0.15231,0.092449,0.0044776,-0.048828,0.011075,-0.076605,-0.026637,0.02179,-0.016956,0.0072637,0.023517,0.075698,-0.049854,-0.0095897,-0.086224,0.011008,-0.007904,-0.00223,-0.028787,-0.003643,0.035381,0.049828,0.10224,-0.026352,0.077058,0.0089158,-0.040656,-0.0057775,0.021096,0.015794,-0.027056,-0.011257,-0.066584,-0.024072,-0.0032676,-0.12539,0.045483,0.0061038,0.0018688,-0.025702,-0.026804,0.043955,0.14374,0.024848,-0.049649,-0.037722,-0.11237,0.0062222,0.029221,-0.17506,-0.016484,0.021666,0.02545,-0.054613,0.057026
0.0095513,0.090667,-0.057647,-0.091646,0.059842,-0.014048,0.039957,0.010395,0.076236,-0.015325,0.10862,-0.074361,-0.08327,-0.011157,-0.025098,0.040849,0.049278,0.13914,0.093294,0.041377,-0.032852,-0.0024929,-0.11026,-0.04249,-0.048149,-0.013892,0.013963,-0.0066112,0.13746,-0.019375,0.15986,-0.013541,0.087985,0.076611,0.018113,-0.049296,-0.11338,0.031445,0.012182,0.054556,-0.092501,0.03361,-0.024236,-0.017508,-0.10393,0.024149,0.040671,0.042335,0.097095,0.021636,0.044353,-0.013392,-0.023113,0.021338,0.0013327,-0.02964,0.039666,0.032687,0.020149,-0.043852,-0.17044,0.047207,-0.0011534,0.070769,0.030275,0.12762,0.036278,-0.060693,0.013456,0.10703,0.042207,0.079339,-0.096463,0.074541,-0.035905,-0.10888,-0.07473,-0.084222,-0.015358,0.049692,0.13524,0.046733,-0.035649,0.020932,0.0398,0.11222,0.052694,-0.072566,-0.075322,-0.048052,-0.04817,-0.010644,0.089037,-0.027119,0.046005,0.04034,0.026337,0.0012099,-0.06459,0.0044367
